Country,2000,2001,2002,2003,2004,2005,2006,2007,2008,2009,2010,2011,2012,2013,2014,2015,2016,2017,2018,2019,2020,2021,2022,2023
Aruba,2.735727,2.850135,2.823203,2.854554,3.062758,3.051023,3.085421,3.180746,3.239137,2.860879,2.782678,2.876433,2.846495,3.029567,2.981501,2.962907,3.013858,3.226291,3.303628,3.229876,2.383267,2.958412,3.210407,3.34729
Africa Eastern and Southern,486.126929,503.16921,522.471173,537.916681,567.800088,602.795765,642.446909,685.15049,715.079143,721.307367,759.043542,789.898217,803.696721,838.588876,872.072577,898.277807,917.992857,942.636771,967.773423,989.009455,960.681331,1004.645882,1040.349775,1064.487323
"Afghanistan, Rep. of.",6.206548,5.621148,7.228796,7.867263,7.978516,8.87448,9.349922,10.642672,11.060395,13.426272,15.354613,15.420078,17.38649,18.360263,18.860496,19.134222,19.566715,20.084647,20.323499,21.118474,20.621957,16.345203,15.325234,15.740684
Africa Western and Central,323.300982,340.02229,373.938839,394.677265,426.202276,451.024229,475.249398,501.534313,533.023793,566.454397,605.933572,635.339697,668.175443,709.335243,751.328052,771.766914,773.007777,790.70819,813.201904,839.491929,831.06348,864.618744,897.385026,927.489896
Angola,31.304495,32.621162,37.079068,38.187732,42.369289,48.737393,54.366562,61.983318,68.906854,69.499453,72.5563,75.075494,81.488523,85.525964,89.650504,90.496421,88.161568,88.031783,86.872966,86.262881,81.399194,82.375342,84.883446,85.733375
Albania,6.057219,6.559563,6.857139,7.236245,7.6353,8.057259,8.532852,9.043395,9.721653,10.047745,10.420209,10.685446,10.836885,10.945472,11.139694,11.386853,11.764325,12.211675,12.702505,12.964502,12.534896,13.65922,14.318508,14.882174
Andorra,2.240766,2.422702,2.532847,2.753058,2.977037,3.137732,3.288616,3.339694,3.154034,2.986781,2.927793,2.927557,2.781927,2.683235,2.750436,2.789881,2.893377,2.90339,2.949518,3.008967,2.672446,2.893906,3.170697,3.252613
Arab World,1402.269871,1431.761054,1449.362288,1511.413168,1648.597987,1740.413142,1849.980652,1935.262918,2042.972737,2056.232675,2155.681655,2232.625504,2344.317187,2404.104967,2464.744944,2544.700997,2636.674298,2677.219844,2747.631798,2791.146446,2659.633647,2766.846308,2925.149569,2955.008072
United Arab Emirates,200.410321,203.214232,208.159363,226.478513,248.144436,260.192199,285.788137,294.888747,304.301113,288.346843,292.96861,311.179896,316.857314,332.876224,346.742822,370.27547,390.868306,393.741456,398.91488,403.336245,383.342656,400.036291,430.077804,445.641058
Argentina,395.646067,378.202666,336.999434,366.780211,399.898899,435.29659,470.325566,512.690851,533.491914,501.917061,552.738162,585.924294,579.910247,593.858966,578.937575,594.749285,582.37655,598.790851,583.11812,571.450737,514.874344,568.636555,598.603017,588.959513
Armenia,3.959425,4.33953,4.912347,5.600076,6.188084,7.048228,7.978594,9.071661,9.697606,8.330243,8.513509,8.913644,9.555426,9.870755,10.226102,10.553338,10.574444,11.367528,11.958639,12.867495,11.941036,12.633616,14.225452,15.406164
American Samoa,,,0.744924,0.752116,0.755198,0.752116,0.721292,0.734649,0.715127,0.68533,0.687385,0.687385,0.657588,0.641148,0.65245,0.673,0.661698,0.615461,0.631901,0.628818,0.65656,0.651423,0.662725,
Antigua and Barbuda,1.195469,1.141098,1.15282,1.222876,1.293396,1.377129,1.552135,1.696721,1.696484,1.493534,1.376434,1.349474,1.394989,1.38661,1.417274,1.437756,1.4967,1.533569,1.640201,1.691054,1.371776,1.484149,1.625386,1.688159
Australia,872.651654,890.323771,925.754968,954.36785,994.683066,1026.057036,1054.328459,1094.111664,1133.349429,1154.798699,1180.435002,1208.849019,1256.196123,1288.884775,1322.334997,1351.296372,1388.583855,1420.237898,1461.119016,1492.847874,1491.062566,1522.541404,1587.133481,1641.762491
Austria,309.0148,313.084487,317.731816,321.358931,329.602607,337.250592,348.276447,361.424665,366.67727,353.527252,359.922499,370.459115,372.78651,371.851835,374.662288,379.546097,387.581922,396.388753,406.235925,413.36527,387.247797,405.817603,427.236227,423.156281
Azerbaijan,11.918437,13.098362,14.334705,15.798035,17.259954,22.086103,29.705808,37.13226,41.127312,44.950656,47.22019,47.26741,48.290863,51.096466,52.501877,53.076235,51.430872,51.533734,52.30674,53.614408,51.308989,54.190733,56.745719,57.383526
Burundi,1.955417,1.995616,2.084352,2.058845,2.158362,2.177788,2.295689,2.374935,2.490397,2.58535,2.717827,2.827427,2.953154,3.098573,3.229972,3.104004,3.085379,3.100806,3.150727,3.207836,3.218331,3.318099,3.379451,3.470696
Belgium,367.797581,371.841896,378.188843,382.114275,395.760366,404.948884,415.284559,430.55426,432.478429,424.233483,435.731532,444.146183,445.104667,446.464437,454.346947,461.044768,466.547349,473.426439,482.317239,494.099718,470.417598,499.595504,520.745539,527.263714
Benin,6.219354,6.551041,6.855208,7.091272,7.405393,7.53226,7.829312,8.298002,8.70432,8.906199,9.094482,9.36402,9.814544,10.52035,11.1892,11.388161,11.768488,12.435945,13.268812,14.179807,14.725559,15.779239,16.765953,17.831065
Burkina Faso,5.107828,5.44563,5.682676,6.126066,6.400419,6.954815,7.389712,7.693531,8.139755,8.38085,9.08872,9.690627,10.315931,10.91349,11.3857,11.832159,12.537117,13.314855,14.194244,15.030172,15.332395,16.39685,16.64235,17.134994
Bangladesh,83.492877,87.732051,91.094929,95.412434,100.4116,106.974447,114.111681,122.166367,129.513195,136.047298,143.627565,152.912195,162.884301,172.679521,183.145729,195.146609,209.02832,222.803809,239.11174,257.958324,266.852772,285.36883,305.629528,323.279977
Bulgaria,30.40369,31.566237,33.419784,35.17003,37.459748,40.103039,42.831084,45.68123,48.481288,46.858551,47.58737,48.582029,48.945819,48.680165,49.142358,50.811996,52.349886,53.787376,55.158666,57.248545,55.407582,59.718633,62.130535,63.302823
Bahrain,16.199664,16.603189,17.159155,18.239572,19.512869,20.833695,22.18101,24.020694,25.520789,26.168988,27.30323,27.829679,28.88805,30.416986,31.72761,32.523298,33.764059,35.436675,36.164045,36.906448,34.724774,36.235316,38.40266,39.547364
"Bahamas, The",10.506335,10.782232,11.073887,10.933812,11.030289,11.404887,11.691901,11.860978,11.58537,11.101632,11.272448,11.341567,11.681577,11.347097,11.556708,11.6719,11.559627,11.883241,12.195757,12.030228,9.452937,10.908987,12.085195,12.40413
Bosnia and Herz.,10.676418,10.935141,11.484899,11.929036,12.683579,13.177881,13.891332,14.704964,15.505478,15.039623,15.169816,15.315372,15.189505,15.546436,15.725819,16.404349,16.93622,17.485648,18.154911,18.679105,18.115913,19.454672,20.276984,20.725333
Belarus,26.100366,27.333688,28.712745,30.735039,34.254122,37.47401,41.221409,44.766453,49.332631,49.431294,53.262228,56.218268,57.178393,57.749445,58.70296,56.454889,55.028587,56.422011,58.198852,59.040673,58.643481,60.073714,57.275243,59.501097
Belize,1.363484,1.431576,1.50884,1.654695,1.733803,1.772285,1.852241,1.914351,1.88215,1.874822,1.895708,1.891073,1.961757,2.04914,2.131737,2.19305,2.194246,2.154468,2.178395,2.271361,1.955576,2.302615,2.524886,2.553898
Bermuda,6.739895,7.22668,7.119884,7.362723,7.533631,7.65976,8.084407,8.354841,8.198944,7.737614,7.543951,7.2616,6.87635,6.857117,6.60333,6.654541,6.610807,6.849551,6.819906,6.840793,6.372687,6.718028,7.150074,7.143294
Bolivia,17.334778,17.626661,18.064783,18.554581,19.328918,20.183533,21.151739,22.117186,23.477061,24.265185,25.266542,26.581436,27.943011,29.842021,31.471565,33.000198,34.407301,35.850758,37.364959,38.19323,34.85595,36.986127,38.319728,39.500729
Brazil,1186.419101,1202.909097,1239.639468,1253.781634,1325.999013,1368.459252,1422.677453,1509.032134,1585.90518,1583.909921,1703.150237,1770.840633,1804.861598,1859.094488,1868.463502,1802.212207,1743.173233,1766.233132,1797.736845,1819.683218,1760.056588,1843.88112,1899.505378,1954.752121
Barbados,5.071303,4.951343,4.99033,5.098893,5.170869,5.375401,5.701717,5.820266,5.857135,5.563267,5.43989,5.4001,5.383181,5.328791,5.333182,5.288058,5.382816,5.38973,5.326451,5.361211,4.554115,4.542503,5.352562,5.571686
Brunei Darussalam,12.244033,12.423538,12.915689,13.378513,13.392499,13.391973,13.940832,13.416151,12.892826,12.64783,12.994553,13.481122,13.604223,13.315162,12.981233,12.930297,12.609895,12.777446,12.784137,13.278736,13.42926,13.215632,13.000438,13.183363
Bhutan,0.751823,0.806919,0.891192,0.960585,1.010125,1.080178,1.141109,1.324882,1.384892,1.491078,1.668992,1.810677,1.904195,1.937258,2.05119,2.187816,2.373254,2.42278,2.507623,2.65194,2.380954,2.486225,2.615853,
Botswana,8.491986,8.513265,9.02998,9.447697,9.703335,10.145482,10.994037,11.630873,12.009117,10.310519,11.354172,12.13063,12.109899,13.454439,14.22064,13.530749,14.505561,15.102373,15.734875,16.211988,14.796884,16.560766,17.469294,17.94687
Central African Rep.,1.67585,1.750673,1.813987,1.716077,1.818954,1.835474,1.923046,2.011651,2.052973,2.229267,2.3325,2.430339,2.553163,1.624016,1.625333,1.695826,1.776383,1.856805,1.927167,1.986909,2.004792,2.024497,2.034662,2.052369
Canada,1163.199675,1185.01081,1220.55231,1242.600186,1281.025904,1322.152656,1357.0303,1384.848127,1398.632993,1357.861635,1399.830509,1443.745913,1469.093202,1503.261571,1546.457292,1556.508816,1572.673953,1620.386284,1664.832888,1696.60509,1611.126165,1696.305711,1761.102322,1783.097209
Central Europe and the Baltics,807.93287,832.224596,861.715594,896.292897,948.984741,995.57217,1061.701929,1128.932064,1173.674125,1131.32936,1148.744004,1190.051937,1200.114894,1207.875852,1247.157668,1297.123697,1333.237571,1401.517693,1472.16489,1531.13971,1480.16702,1576.853752,1640.98815,1651.487699
Switzerland,529.837998,538.186454,537.792409,537.618173,552.143052,567.325324,590.43605,613.559745,630.788402,616.296829,636.285784,647.822334,655.461804,667.208623,682.887234,694.118186,708.477338,718.132464,738.674253,747.109783,731.108655,770.529215,790.318934,795.978146
Channel Islands,,,,,,,,,,10.651283,10.26713,10.38264,9.785258,9.83359,10.072262,10.109969,10.232605,10.417455,10.534365,10.700108,9.748143,10.716796,11.289283,11.708681
Chile,131.243744,135.383217,139.71927,146.318553,156.084226,165.194933,175.189211,184.243395,191.2251,189.087133,200.151852,212.609096,225.695909,233.163077,237.342874,242.450356,246.700605,250.050047,260.027118,261.676645,245.600607,273.436874,279.066229,279.676771
China,2770.112909,3001.022138,3275.12442,3603.882408,3968.365429,4420.544471,4982.879974,5691.986693,6241.302053,6827.904909,7554.112072,8275.592638,8926.363433,9619.598215,10333.926843,11061.572619,11819.153423,12640.253744,13493.442283,14296.369668,14616.413683,15851.276923,16318.995784,17175.670911
CÃ´te d'Ivoire,30.406072,29.751122,28.938759,27.571152,28.449304,28.732678,29.541669,29.867049,31.295491,32.423168,34.643522,32.78301,35.281211,39.077544,42.739892,45.815005,49.101205,52.739979,55.294253,59.010786,59.423701,63.620992,67.576851,71.766616
Cameroon,17.168567,17.910981,18.712861,19.733302,21.124275,21.594981,22.41766,23.387804,24.053813,24.674222,25.389533,26.247499,27.461703,28.833561,30.482788,32.210233,33.671223,34.86358,36.242614,37.502067,37.599547,38.854942,40.306868,41.616174
Dem. Rep. Congo,16.528063,16.180945,16.657921,17.58707,18.772153,19.923853,20.983997,22.297485,23.685703,24.361945,26.093587,27.887435,29.863789,32.396823,35.464895,37.917706,38.827504,40.274584,42.619017,44.48766,45.259709,48.06588,52.355495,56.837577
"Congo, Democratic Republic of",6.482377,6.728876,7.037185,7.094415,7.341062,7.910417,8.542162,7.977184,8.480255,9.467127,10.407332,10.63691,11.694979,11.61166,12.383379,12.434794,11.354802,10.719526,10.472514,10.590275,9.926501,10.027262,10.175199,10.369227
Colombia,157.016819,159.651401,163.649041,170.061256,179.13066,187.780452,200.393418,213.896317,220.919487,223.437193,233.479933,249.701867,259.471791,272.793056,285.066097,293.49237,299.618679,303.691578,311.479215,321.405607,298.309676,330.530695,354.622694,356.787344
Comoros,0.645254,0.660307,0.675659,0.689874,0.703117,0.723068,0.742207,0.748145,0.777806,0.803013,0.833349,0.867879,0.895377,0.935367,0.955072,0.96603,0.998106,1.036191,1.073934,1.092844,1.090707,1.112523,1.141482,1.175677
Cabo Verde,0.923551,0.944161,0.993738,1.035239,1.140803,1.219661,1.317035,1.516838,1.623609,1.599197,1.628564,1.692481,1.710822,1.721636,1.73363,1.749858,1.824764,1.907815,1.978537,2.116002,1.675762,1.793627,2.077804,2.191573
Costa Rica,30.425019,31.487208,32.563087,33.968894,35.471881,36.88248,39.584746,42.836686,44.866363,44.474475,46.858459,48.921712,51.31036,52.590433,54.453244,56.441921,58.814922,61.260269,62.862779,64.382494,61.631202,66.522108,69.549856,73.10519
Caribbean small states,27.747004,28.083794,28.680303,29.213117,30.028734,31.018318,32.411753,33.473466,33.653836,32.76165,33.060311,33.613671,34.374458,34.407113,35.011151,35.085993,35.224239,35.880522,36.877637,37.266729,33.68826,37.20631,45.788914,51.538918
Cuba,45.683563,47.138598,47.810239,49.623557,52.487104,58.366529,65.408954,70.159042,73.047369,74.107509,75.87894,78.005296,80.357078,82.564971,83.429903,87.1328,87.579655,89.164664,91.16904,91.020355,81.054459,82.070633,83.527267,81.916033
Curacao,2.881155,2.861109,2.87247,2.880748,2.886753,2.90628,2.953825,3.026783,3.093011,3.076577,3.079109,3.094765,3.083966,3.064361,3.044829,3.058779,3.02612,2.987501,2.92464,2.830873,2.308903,2.405501,2.571625,2.679684
Cayman Islands,,,,,,,4.633486,4.780025,4.762942,4.419987,4.299956,4.350225,4.403722,4.46006,4.578454,4.708167,4.860711,5.015478,5.229502,5.43427,5.165012,5.418353,5.697741,5.946144
Cyprus,15.534918,16.148945,16.750163,17.189568,18.053575,18.929715,19.82203,20.83257,21.592295,21.157153,21.640287,21.730464,20.981332,19.599192,19.251098,19.909278,21.218033,22.438246,23.845499,25.246563,24.433463,27.215888,29.220508,29.983718
Czech Republic,128.638858,132.391536,134.395229,138.831396,145.406922,154.676656,164.921158,173.973393,178.518045,169.95217,174.565803,177.659773,176.290606,176.216895,180.173338,189.107699,193.988323,204.024435,209.798951,217.279913,205.753475,214.04332,220.137499,219.949655
Germany,2884.562511,2931.769559,2925.076029,2909.575203,2943.395182,2969.464752,3083.959478,3173.089212,3201.977118,3024.422218,3149.837977,3268.207908,3283.708734,3296.391224,3367.906396,3423.568451,3502.129442,3597.248136,3637.409365,3673.34309,3522.91464,3652.205603,3702.230997,3692.366832
Djibouti,,,,,,,,,,,,,,2.105985,2.254701,2.424392,2.597092,2.738843,2.869607,3.028731,3.0686,3.207372,3.326962,3.549091
Dominica,0.427263,0.42699,0.414915,0.441275,0.454737,0.457719,0.479047,0.50948,0.545761,0.539378,0.543006,0.541792,0.536054,0.530694,0.555922,0.540737,0.555681,0.518901,0.537309,0.566874,0.47275,0.505325,0.53354,0.558682
Denmark,263.066799,265.566018,266.778407,267.955142,275.39452,281.892753,292.651156,295.540131,294.307201,279.666951,284.093791,287.817703,287.802068,291.810211,295.539545,301.758922,311.032111,320.538737,326.500781,332.088519,326.176991,350.255593,355.650135,364.524262
Dominican Republic,35.659263,36.536309,38.178653,37.664881,38.632919,42.275322,46.15381,49.576555,51.167716,51.651842,55.959426,57.712871,59.281142,62.171219,66.554579,71.164827,75.903835,79.446043,84.993385,89.287393,83.287067,93.508048,98.050972,100.365578
Algeria,109.811551,113.105898,119.213616,126.962501,132.675814,139.840308,143.895676,148.356442,152.065354,153.890138,161.276864,166.11517,170.101934,174.524585,181.680093,187.493856,194.806116,197.728208,200.496403,202.30087,192.185827,199.488888,206.670488,215.143978
East Asia & Pacific (excluding high income),3823.792336,4090.623384,4420.280591,4815.79625,5255.000081,5779.359265,6419.627632,7221.177854,7843.387165,8470.03147,9310.085531,10114.72457,10881.500773,11675.812725,12491.477761,13329.363888,14204.650766,15157.757098,16147.246029,17081.248188,17293.683903,18608.405143,19238.524792,20221.122607
Early-demographic dividend,5462.844836,5525.007185,5631.367098,5922.55228,6289.110851,6659.535845,7064.082176,7467.295976,7724.822927,7780.406063,8286.967866,8694.956966,9058.683566,9425.732967,9814.220344,10246.602223,10699.430921,11196.023591,11626.230323,11900.312124,11403.34373,12248.199939,12924.390685,13481.834134
East Asia & Pacific,10273.109685,10611.869953,11076.390724,11624.674107,12306.670518,13032.736713,13873.903194,14909.274446,15562.926193,15961.997593,17176.377441,18114.607743,19053.631486,20053.155522,21007.573817,22000.917166,23026.06521,24189.505178,25340.924108,26344.909932,26309.597563,27946.159763,28747.868648,29927.723041
Europe & Central Asia (excluding high income),705.691749,704.909602,750.041751,799.540683,875.801129,949.941271,1027.5792,1100.784547,1134.385964,1095.082072,1172.612396,1272.339605,1323.854144,1409.923041,1457.24919,1509.288407,1551.185797,1641.541931,1698.995211,1738.193066,1743.268489,1900.94448,1959.943174,2058.774214
Europe & Central Asia,15966.173596,16324.988885,16582.129419,16883.080675,17422.592453,17894.86829,18594.436392,19271.85334,19464.360929,18601.521788,19090.094467,19544.563588,19605.491987,19776.016031,20160.19531,20583.236057,20970.219842,21573.000316,22030.706427,22439.57651,21225.512852,22657.010857,23392.327134,23630.026939
Ecuador,50.165492,52.275589,54.85178,56.433979,60.289773,63.54459,66.303145,67.564515,72.000072,72.785602,75.718234,82.140258,86.890604,93.156491,97.093345,97.209558,96.540801,102.304672,103.373035,103.544017,93.971273,103.197765,109.581723,112.162611
Egypt,179.683172,186.035425,190.482051,196.56501,204.60859,213.758164,228.387427,244.575133,262.077623,274.326083,288.44629,293.536133,300.070834,306.62878,315.569805,329.366577,343.682968,358.053112,377.141312,398.080549,412.213065,425.777537,453.827104,470.885106
Euro area,10050.398134,10270.033711,10367.290675,10445.394784,10686.912185,10876.275576,11237.542121,11575.961304,11624.175362,11103.08074,11338.61492,11540.240749,11434.319456,11414.909466,11580.654068,11828.599573,12044.172081,12357.018842,12575.550971,12780.330571,12007.290121,12771.092524,13223.961017,13277.044443
Eritrea,1.899039,2.065308,2.127379,2.070886,2.10095,2.155038,2.134151,2.164602,1.952838,2.02854,2.07305,2.252986,,,,,,,,,,,,
Spain,977.964704,1016.292009,1044.29549,1074.990359,1108.471272,1147.835587,1194.247575,1236.446315,1245.931908,1198.983535,1200.112046,1192.432281,1158.267741,1141.735528,1159.095456,1206.164778,1241.326363,1277.275697,1307.871702,1333.521401,1187.633217,1267.004458,1345.296619,1381.292229
Estonia,13.979307,14.801395,15.827575,17.029886,18.188036,19.920093,21.864807,23.520173,22.314691,19.050002,19.516679,21.001308,21.772481,22.154913,22.891074,23.311848,24.032887,25.387062,26.326306,27.307396,26.519902,28.417255,28.434427,27.574844
Ethiopia,17.352575,18.793065,19.077728,18.66539,21.198769,23.704202,26.272488,29.282308,32.441436,35.297111,39.727088,44.1679,47.987457,53.065619,58.508821,64.589329,70.682352,77.442546,82.721144,89.640012,95.071776,100.435279,105.779617,112.653319
European Union,11318.534007,11563.17708,11690.138584,11799.825427,12106.691065,12346.863024,12787.037124,13188.759129,13270.973191,12698.879095,12976.295645,13230.730454,13130.043284,13125.102946,13338.839168,13655.08987,13920.536464,14309.680305,14603.024724,14876.936811,14047.261785,14940.354568,15462.923841,15529.080147
Fragile and conflict affected situations,849.068369,883.963606,926.309492,936.215133,1041.69318,1102.461137,1166.619694,1236.473837,1298.79688,1338.561725,1432.499271,1433.024981,1512.830994,1566.387267,1603.173061,1616.325901,1651.350418,1693.69001,1739.679567,1779.581893,1689.525734,1731.373742,1750.397023,1782.121594
Finland,196.036504,201.212382,204.607491,208.723784,217.083964,223.113057,232.081249,244.411266,246.328504,226.434938,233.609049,239.193227,235.550696,233.242909,232.127849,233.210734,239.20876,247.110711,250.058687,253.433825,247.120697,253.87874,257.560103,254.5622
Fiji,3.330747,3.397362,3.506078,3.541139,3.728819,3.754921,3.82448,3.791947,3.83111,3.778009,3.889637,3.994857,4.051237,4.243032,4.480791,4.68248,4.796997,5.053798,5.246466,5.215935,4.327209,4.115996,4.930664,5.301662
France,2025.858476,2064.33899,2086.380974,2106.573536,2166.995344,2207.920477,2267.844863,2325.232266,2334.072135,2268.145065,2313.515332,2369.909039,2374.265768,2392.826744,2416.703157,2442.483453,2463.48957,2514.819204,2556.210833,2608.036639,2413.981867,2580.120255,2646.451031,2671.234714
Faroe Islands,,,,,,,,,2.166314,2.067676,2.059822,2.133283,2.284351,2.418126,2.549482,2.573906,2.609592,2.701241,2.775896,2.90188,2.854367,3.011482,3.118571,3.196194
"Micronesia, Fed. Sts.",0.310899,0.317638,0.319376,0.324397,0.314405,0.320824,0.320564,0.314678,0.307099,0.310456,0.317471,0.327593,0.321478,0.309648,0.302508,0.31649,0.318022,0.320639,0.320639,0.333727,0.327183,0.336344,0.333727,0.336344
Gabon,9.689372,9.896263,9.871618,10.093466,10.163064,10.435049,10.142181,10.751534,10.395827,10.409376,11.147389,11.937934,12.564805,13.273296,13.846034,14.383108,14.683922,14.753325,14.876945,15.460242,15.176119,15.398898,15.866657,16.254737
United Kingdom,2292.208339,2351.181825,2393.401075,2468.849371,2529.531329,2598.654839,2660.520859,2730.35634,2723.563287,2597.719582,2655.734846,2685.966732,2726.497926,2775.572749,2864.242231,2927.911141,2984.177104,3063.451915,3106.499243,3156.963552,2831.893576,3074.755379,3223.54541,3234.504373
Georgia,6.365212,6.671206,7.03639,7.814406,8.267069,9.059975,9.913559,11.160246,11.430504,11.013204,11.701134,12.629542,13.460418,14.151326,14.730184,15.223796,15.74905,16.561686,17.565661,18.51082,17.346402,19.192793,21.296042,22.963991
Ghana,20.062002,20.864482,21.803384,22.93716,24.221641,25.650718,27.292342,28.478691,31.084434,32.590315,35.164856,40.104507,43.831334,47.036511,48.379987,49.40601,51.072705,55.224351,58.648304,62.465004,62.786037,65.973349,68.491885,70.508824
Gibraltar,,,,,,,,,,,,,,,,,,,,,,,,
Guinea,5.17646,5.365832,5.642957,5.713415,5.847115,6.022369,6.094012,6.509469,6.778506,6.702408,7.025019,7.419271,7.858142,8.1682,8.470142,8.794202,9.74579,10.749606,11.433119,12.075308,12.643402,13.349198,13.879483,14.815645
"Gambia, The",0.960226,1.015919,0.982902,1.050427,1.124483,1.098038,1.091937,1.125168,1.195557,1.27525,1.350596,1.240786,1.305823,1.343336,1.32443,1.378177,1.40496,1.472715,1.579265,1.677527,1.68745,1.776141,1.873705,1.963596
Guinea-Bissau,0.705153,0.738902,0.765901,0.763711,0.772661,0.823345,0.8453,0.866938,0.906163,0.928346,0.980383,1.059647,1.041497,1.075409,1.085781,1.152384,1.213537,1.271653,1.319485,1.392723,1.413548,1.500943,1.570074,1.651706
Equatorial Guinea,2.699949,4.411173,5.269712,6.005114,8.286981,9.674942,10.420389,12.012844,14.151024,14.341122,13.061295,13.913404,15.070008,14.447134,14.5071,13.185497,12.023008,11.341603,10.634279,10.051327,9.56976,9.652085,9.963221,9.456162
Greece,194.535951,203.582679,213.116735,225.470735,237.59625,240.408216,255.898673,264.872708,265.024939,254.107831,239.639588,215.970916,197.97809,193.479796,195.012591,194.567374,194.505511,197.37082,201.445881,206.033168,187.085881,203.277224,214.952755,219.965719
Grenada,0.717464,0.702943,0.727106,0.795919,0.790766,0.895749,0.859961,0.91262,0.921268,0.860342,0.855944,0.86249,0.85253,0.872574,0.936639,0.997007,1.034292,1.0802,1.127313,1.134939,0.97881,1.024691,1.099706,1.138923
Greenland,1.776742,1.799289,1.781815,1.86075,1.989264,2.088479,2.204508,2.256368,2.395498,2.416242,2.458184,2.445979,2.48008,2.447882,2.563964,2.499113,2.61612,2.6175,2.633809,2.708403,2.713484,2.748494,,
Guatemala,37.033784,37.897625,39.352623,40.360199,41.626669,42.99037,45.290955,48.161369,49.747575,49.98482,51.42647,53.56782,55.161307,57.199417,59.741347,62.186065,63.851285,65.817809,68.060139,70.794726,69.530649,75.116232,78.271231,81.031695
Guam,,,4.800664,4.842877,5.157364,5.345211,5.149976,5.186913,5.292445,5.315662,5.435969,5.44019,5.556276,5.650199,5.75151,5.799,5.809553,5.861264,5.812719,5.959409,5.332547,5.442301,5.719851,
Guyana,2.875468,2.941015,2.974326,2.955522,3.001727,2.943164,3.094137,3.316644,3.374859,3.496742,3.641452,3.830671,4.03279,4.180124,4.250621,4.27984,4.442793,4.608709,4.813378,5.07103,7.275896,8.735443,14.268,19.090958
High income,37837.833221,38440.956467,39070.505434,39965.854193,41373.496629,42612.340617,43995.708323,45252.860739,45555.784266,44026.249709,45362.09174,46285.16933,46956.278753,47710.588295,48735.210498,49875.503824,50785.141188,52036.148521,53266.57147,54281.884302,52182.339286,55197.692752,56797.83293,57808.82339
"Hong Kong SAR, China",179.510301,180.517139,183.507768,189.116287,205.569444,220.757235,236.282224,251.557512,256.910445,250.592669,267.552018,280.433874,285.202061,294.047626,302.170465,309.385623,316.116094,328.11619,337.457421,331.813813,310.09737,330.11232,317.952398,328.370192
Honduras,11.77078,12.091321,12.54527,13.115708,13.933119,14.776156,15.746542,16.72099,17.428555,17.004758,17.639229,18.315815,19.072018,19.604425,20.203944,20.979792,21.796529,22.852116,23.730779,24.3382,22.15626,24.940258,25.973673,26.904206
Heavily indebted poor countries (HIPC),324.30436,335.946275,348.941985,362.552088,383.062314,404.364459,428.041175,451.441184,476.894504,494.678542,524.859122,548.280036,570.280669,603.567304,638.874917,668.868899,698.653682,733.884984,764.572408,798.400221,800.259428,834.398903,874.541821,909.360093
Croatia,39.678365,40.912852,43.28716,45.69755,47.603359,49.663193,52.186811,54.821664,55.900878,52.091817,51.396869,51.346628,50.189406,50.126443,49.847164,51.005201,52.770557,54.501937,56.085044,57.823927,53.017809,59.714859,64.06684,66.182677
Haiti,11.150259,11.112042,11.228921,11.619775,11.466643,11.818918,12.027965,12.594065,12.928819,13.690375,12.916662,13.575181,13.643386,14.233433,14.644605,14.849629,15.118774,15.498296,15.756779,15.485274,14.973407,14.70415,14.456828,14.18737
Hungary,91.568887,95.299484,99.817905,103.884736,109.083773,113.768133,118.2575,118.585514,119.776045,111.87338,113.077422,115.188394,113.748278,115.798616,120.699457,125.174167,127.929253,133.39436,140.54743,147.383974,140.770788,150.710923,157.618619,156.187937
IBRD only,10912.155147,11307.407607,11824.160227,12527.090527,13483.457369,14451.700908,15650.788404,17051.156722,18058.660006,18560.874714,20012.566465,21289.767835,22449.024818,23619.159183,24754.440987,25841.079101,27018.893017,28435.41293,29840.625313,31024.737311,30613.187333,32921.657571,34094.157744,35651.588366
IDA & IBRD total,11929.010509,12365.134764,12939.610547,13697.628655,14732.376068,15778.046027,17058.016005,18542.134561,19624.845033,20207.174267,21760.393909,23110.505772,24331.701038,25601.724529,26845.881331,28002.742766,29250.66639,30755.640598,32261.435109,33542.019705,33108.820902,35527.901835,36812.974785,38456.511205
IDA total,1016.456098,1057.338628,1115.102567,1170.099695,1248.378294,1325.689453,1406.335614,1489.743067,1564.796899,1644.564187,1746.186258,1819.318179,1881.493231,1981.305867,2089.99248,2160.355433,2230.673026,2319.338407,2420.009119,2516.446068,2494.697785,2605.968235,2718.345241,2804.581328
IDA blend,479.763317,500.672283,535.440103,562.358883,605.031357,642.561061,680.174672,718.344371,748.160268,792.755955,839.76117,878.386475,916.791452,967.224839,1021.215537,1058.990581,1080.829686,1108.423335,1150.767712,1183.467657,1165.437288,1225.717564,1277.886637,1310.220491
Indonesia,395.012383,409.404526,427.825582,448.277224,470.829486,497.63179,525.006275,558.31804,591.893632,619.291626,657.835434,698.422461,740.537689,781.691321,820.828013,860.854233,904.181622,950.021694,999.178586,1049.330234,1027.656194,1065.709127,1122.27078,1178.924196
IDA only,536.92249,556.851292,579.609195,607.667812,643.099903,682.864032,725.929912,771.226644,816.669377,851.829209,906.451485,940.952015,964.705332,1014.081028,1068.776943,1101.364852,1149.84334,1210.915073,1269.241408,1332.978411,1329.260497,1380.250671,1440.458604,1494.452999
Isle of Man,3.501118,3.690178,3.918969,4.154108,4.370121,4.627958,4.984311,5.358134,5.620683,5.738717,5.933834,6.05251,6.494579,6.763576,7.112245,7.084801,7.577358,7.792385,7.964861,7.985162,7.279528,7.558904,,
India,800.53448,839.151993,871.073128,939.542798,1013.982179,1094.324353,1182.534913,1273.126725,1312.424303,1415.605643,1535.897932,1616.399199,1704.596204,1813.453531,1947.834565,2103.58836,2277.267042,2432.016068,2588.97477,2689.205296,2533.830417,2779.348259,2973.542415,3215.973434
Not classified,,,,,,,,,,,,,,,,,,,,,,,,
Ireland,162.266449,170.876017,180.95662,186.41036,199.064154,210.490003,220.988939,232.723709,222.288216,210.960894,214.511307,218.048114,217.178189,221.939117,242.659427,302.391429,306.088583,336.849348,362.262415,380.522434,407.759845,474.043709,514.903923,486.429698
"Iran, Islamic Rep.",258.056538,264.229696,285.576362,310.248156,323.702582,334.02806,350.728779,379.333424,380.285007,384.115943,406.386748,417.138595,401.507697,395.396833,415.106476,409.191686,445.262288,457.544872,449.135162,435.344072,449.842285,471.073841,488.864564,513.527246
Iraq,101.916219,103.716679,95.208069,60.307856,92.503535,94.053181,99.356181,101.232561,109.562085,113.264516,120.51635,129.611081,147.674239,158.939252,162.537141,166.774105,189.767873,186.314571,191.22182,201.76539,177.479308,180.145368,193.908134,188.215849
Iceland,11.859727,12.335717,12.404737,12.670532,13.659138,14.495683,15.411374,16.714385,17.083688,15.774427,15.327573,15.610486,15.776525,16.494745,16.773047,17.517211,18.621441,19.402601,20.351227,20.73,19.291244,20.304846,22.130761,23.245527
Israel,184.596463,184.909586,184.684976,187.390717,196.159322,204.428481,215.837698,228.837302,236.356844,238.976216,252.438032,266.480712,273.251466,284.811642,295.877498,302.722655,315.943412,329.445007,342.868165,355.84621,350.634466,383.397427,408.204665,418.095492
Italy,1856.863207,1894.119929,1899.232719,1900.496732,1928.510466,1943.213636,1978.181375,2007.108163,1986.572668,1881.181928,1909.947189,1923.230167,1863.124632,1829.252559,1829.227176,1845.428049,1868.24162,1898.20261,1913.894039,1922.107755,1751.650987,1908.092024,1997.042746,2010.974775
Jamaica,12.852232,13.025085,13.285234,13.772313,13.954621,14.079347,14.487525,14.69498,14.575695,13.942337,13.739177,13.976916,13.891149,13.963061,14.059382,14.188937,14.384066,14.527493,14.802052,14.934129,13.452616,14.071628,14.80638,15.13213
Jordan,18.38067,19.349323,20.468451,21.32028,23.146834,25.032513,27.058388,29.270727,31.384187,32.960838,33.723826,34.646908,35.488606,36.414839,37.647146,38.587018,39.356513,40.330035,41.103997,41.823827,41.362614,42.874683,44.009763,45.188464
Japan,3986.755544,4002.148544,4003.827946,4065.29173,4154.16371,4229.100705,4287.138774,4350.758602,4297.492743,4052.826324,4218.90782,4219.912322,4277.925609,4363.702303,4376.62783,4444.930652,4478.437728,4553.466417,4582.763011,4564.33255,4375.044252,4487.015645,4529.854841,4605.911988
Kazakhstan,66.179327,75.113536,82.474662,90.144806,98.798707,108.382182,119.979075,130.657213,134.968901,136.588528,146.55949,157.404893,164.960327,174.857947,182.201981,184.388405,186.416677,194.059761,202.016211,211.106941,205.829267,214.679926,221.549683,232.848717
Kenya,36.630908,38.015522,38.223414,39.344306,41.352557,43.795115,46.629751,49.824229,49.939962,51.591447,55.74893,58.603892,61.281316,63.608687,66.801914,70.120447,73.074984,75.879571,80.165209,84.264985,84.035138,90.413817,94.807911,100.075318
Kyrgyzstan,3.518703,3.705955,3.705313,3.965808,4.244478,4.237028,4.368498,4.741694,5.140073,5.28843,5.263492,5.577,5.572084,6.180303,6.429001,6.678178,6.967734,7.298,7.572252,7.920623,7.35438,7.759386,8.455209,8.975322
Cambodia,7.45948,8.010714,8.512591,9.387998,10.275887,11.642922,12.917049,14.260223,15.326369,15.950885,16.760698,17.981993,19.357662,20.87869,22.549052,24.17417,26.08526,28.191655,30.665817,33.099748,31.922813,32.909178,34.588654,36.304275
Kiribati,0.137845,0.133511,0.135443,0.133309,0.132497,0.13421,0.141963,0.1463,0.141933,0.142695,0.144445,0.149159,0.157815,0.170016,0.172164,0.191559,0.205137,0.212828,0.220233,0.227422,0.226144,0.245418,0.255002,0.26552
St. Kitts and Nevis,0.635238,0.66861,0.677755,0.651096,0.677116,0.743018,0.766426,0.771029,0.858287,0.829065,0.828615,0.842011,0.8358,0.883668,0.950624,0.957222,0.994867,0.997065,1.017041,1.045837,0.885254,0.889501,0.983101,1.005565
Korea,798.929133,837.696367,902.409606,930.811064,979.188958,1021.377732,1075.146392,1137.500028,1171.772731,1181.061362,1261.43052,1307.922658,1339.345905,1381.732301,1425.981639,1466.038936,1509.24137,1556.927899,1602.19408,1638.14696,1626.525694,1696.543312,1740.868427,1764.487368
Kuwait,61.264446,61.395143,63.245767,74.203741,81.802426,90.480882,97.280315,103.108938,105.665789,98.188818,95.861255,105.09133,112.05455,113.342577,113.910328,114.585556,117.938414,112.380894,115.463874,118.077765,112.389453,114.93036,121.66437,117.235269
Latin America & Caribbean (excluding high income),3076.786558,3082.197328,3093.526617,3167.989021,3335.075676,3468.110268,3650.288067,3845.042525,3988.836687,3892.850941,4152.582003,4336.34729,4439.170345,4561.931926,4621.050098,4634.562624,4612.148668,4705.197664,4778.851212,4808.839651,4497.709888,4806.394585,4991.404195,5094.832725
Lao PDR,4.98166,5.268176,5.579986,5.918523,6.294805,6.742213,7.323342,7.879684,8.496261,9.133632,9.912448,10.709275,11.568812,12.49736,13.448654,14.42638,15.439521,16.503695,17.534839,18.491844,18.584864,19.054755,19.570648,20.303702
Lebanon,25.798443,26.789018,27.706047,28.600148,30.510479,31.329923,31.815385,34.777595,37.93162,41.812842,45.147473,45.539055,46.707037,48.494923,49.699566,49.929338,50.705514,51.163399,50.19912,46.727888,36.728167,34.156741,33.944395,
Liberia,2.210292,2.274838,2.360441,1.648883,1.692081,1.781444,1.924741,2.108271,2.258921,2.378656,2.52375,2.730717,2.949005,3.205194,3.227675,3.227076,3.176896,3.254894,3.292572,3.211334,3.115556,3.27092,3.428189,3.588757
Libya,57.579669,56.564632,56.022235,63.31411,66.138957,73.990152,78.7999,83.70912,83.573471,79.896087,83.912661,41.672273,77.854953,63.842649,49.131511,48.717501,47.991152,63.584342,68.633809,60.949511,42.996651,55.179092,50.625917,55.767393
St. Lucia,1.459101,1.409374,1.415244,1.475598,1.582836,1.576342,1.674,1.702318,1.786571,1.736031,1.74176,1.817125,1.815149,1.778754,1.805807,1.80763,1.869597,1.932815,1.9886,1.974663,1.493612,1.666863,2.006683,2.051032
Latin America & Caribbean,3585.254813,3601.567655,3618.344621,3707.368381,3909.016456,4062.988981,4271.749497,4493.478775,4657.221219,4551.243172,4842.0251,5055.178646,5184.980069,5327.887935,5398.939282,5420.625374,5402.323124,5504.542135,5591.210719,5629.438837,5258.223388,5628.872798,5851.974045,5974.1882
Least developed countries: UN classification,423.167491,443.702943,467.316609,490.890316,522.209256,561.078319,599.710097,643.413528,684.984379,714.587154,759.02623,783.582544,808.686475,856.089446,904.450418,928.290889,962.903373,1006.761,1053.147029,1106.604301,1105.357832,1136.64034,1189.385427,1230.193967
Low income,232.384865,242.294958,254.230952,266.652967,283.018908,301.600732,319.42541,338.990131,357.761843,372.57745,398.59099,401.750791,389.086119,403.083437,420.838438,417.756954,426.318507,439.594338,454.537994,474.081738,475.602795,485.946126,503.780278,515.06019
Liechtenstein,,,,,,,,,,,,,,,,6.268515,,,,,,,,
Sri Lanka,37.777692,37.193872,38.668489,40.965501,43.196098,45.892289,49.411444,52.769854,55.909707,57.888302,62.528609,67.949516,73.815042,76.80584,81.7045,85.140955,89.44366,95.22233,97.422046,97.207246,92.711882,96.612713,89.514778,87.457719
Lower middle income,2175.258756,2269.776849,2372.218523,2513.317985,2691.342311,2871.957743,3071.996521,3283.873631,3434.57418,3639.196058,3888.776335,4073.797174,4284.201082,4527.485767,4804.501648,5089.665684,5379.808125,5673.767311,5982.516241,6226.615758,6002.516344,6402.342784,6775.936832,7151.756621
Low & middle income,10427.512431,10806.107276,11317.627583,11981.558886,12898.55977,13842.310531,14977.878266,16300.75979,17264.416259,17950.775331,19414.953094,20653.249817,21784.326871,23005.062632,24195.028911,25336.686258,26543.47401,27961.577337,29356.984995,30552.777487,30210.672844,32427.441683,33664.64489,35217.07619
Lesotho,1.453365,1.505128,1.516023,1.58515,1.611977,1.66785,1.738401,1.811204,1.911245,1.887282,1.986736,2.078452,2.210103,2.249719,2.288202,2.359687,2.444846,2.368122,2.333059,2.299976,2.112391,2.160273,2.211856,2.252258
Late-demographic dividend,7028.541426,7392.532376,7834.716675,8369.03458,9053.307633,9753.317647,10658.336584,11745.469067,12558.381187,13020.46722,14065.632661,15076.847446,15952.754404,16848.162841,17730.188431,18565.287347,19393.86519,20425.186143,21532.721291,22535.207616,22583.104667,24272.323323,25034.943849,26073.749135
Lithuania,22.342118,23.790809,25.389513,28.068588,29.893618,32.204827,34.586528,38.418,39.41666,33.567776,33.711177,35.842949,37.413912,38.928021,40.396597,41.540955,42.650896,44.618059,46.81254,49.002127,49.023107,52.150789,53.474129,53.657151
Luxembourg,40.369841,41.610953,42.95308,44.078183,45.943524,47.084244,49.917169,53.959795,53.79782,52.055334,54.012829,54.576885,55.47735,57.236975,58.73835,60.071584,63.062062,63.892708,64.671766,66.557496,65.951936,70.679636,71.655146,70.870004
Latvia,15.001704,15.9709,17.195148,18.64455,20.271313,22.62589,25.527665,28.186253,27.231101,22.863227,22.026145,22.694935,24.352855,24.863313,25.384189,26.344566,27.016796,27.935084,29.139005,29.335803,28.318076,30.285399,30.834377,31.360657
"Macao SAR, China",13.677257,14.072366,15.326236,17.110355,21.666881,23.416614,26.552263,30.396058,31.426984,31.827365,39.823293,48.431771,52.907946,58.597069,57.396729,45.048191,44.74226,49.153901,52.302388,50.961633,23.271041,28.748111,23.110797,40.45808
St. Martin (French part),,,,,,,,,,,,,,,,,,,,,,,,
Morocco,56.160912,60.49756,62.754238,66.626866,69.672633,71.896758,77.498105,80.164867,84.721871,87.895357,90.971305,95.997147,98.936909,103.015299,105.816537,110.413824,110.989285,116.60301,120.17764,123.651945,114.775952,124.135631,126.031435,130.320715
Monaco,3.909416,3.994944,4.035952,4.079844,4.180636,4.259876,4.507701,5.158501,5.197028,4.607842,4.703004,5.033265,5.084213,5.571133,5.971532,6.264757,6.453228,6.246326,6.602235,7.072373,6.136054,7.500235,8.328782,8.748834
Moldova,3.939281,4.179577,4.505584,4.802953,5.158371,5.545249,5.811421,5.985764,6.452653,6.065494,6.496144,6.874101,6.833562,7.45158,7.824131,7.797667,8.159948,8.500676,8.847129,9.161407,8.403211,9.573778,9.093607,9.164832
Madagascar,7.688843,8.148654,7.137571,7.835975,8.247912,8.64017,9.10661,9.626649,10.272851,9.864124,9.925207,10.081869,10.385449,10.624353,10.979122,11.323021,11.775165,12.238319,12.629254,13.18636,12.245161,12.947986,13.465906,13.97761
Maldives,1.988058,1.909656,2.048457,2.330121,2.465649,2.188925,2.705639,2.898373,3.158642,2.900967,3.099262,3.364952,3.444491,3.68434,3.971758,4.129505,4.400906,4.71137,5.119752,5.493408,3.685592,5.067979,5.768682,6.041333
Middle East & North Africa,1807.925701,1841.270724,1877.549763,1964.133081,2120.869769,2228.257127,2361.854497,2485.949058,2600.053034,2621.006679,2754.085069,2857.303922,2969.670741,3033.770488,3122.9404,3202.944332,3342.335108,3408.416365,3485.735768,3529.70873,3409.074243,3572.796771,3774.102885,3848.726223
Mexico,945.027051,940.766442,938.540701,949.667522,983.527357,1004.311721,1052.569035,1074.439987,1084.575522,1016.298776,1066.822388,1103.564232,1142.776195,1152.513809,1181.370029,1213.294468,1234.80003,1257.912135,1282.719195,1277.682078,1170.944076,1241.768434,1287.578651,1328.780926
Marshall Islands,0.154176,0.164861,0.170855,0.168187,0.1675,0.1705,0.1708,0.1771,0.1637,0.1697,0.1791,0.1782,0.1759,0.1826,0.1803,0.1837,0.1883,0.195,0.2057,0.2272,0.2209,0.2236,0.2211,0.2124
Middle income,10199.160616,10568.136906,11067.971907,11719.504067,12620.092673,13545.385203,14662.830275,15965.681691,16910.672742,17582.401049,19020.722808,20255.195199,21397.671469,22604.215594,23776.411225,24920.281496,26118.091082,27522.565436,28902.761732,30079.066968,29735.726897,31941.158688,33160.484927,34700.732106
"Macedonia, Former Yugoslav Republic of",6.653276,6.449203,6.545532,6.691013,7.003757,7.334621,7.711402,8.210599,8.659883,8.628827,8.918648,9.127334,9.085697,9.351477,9.690854,10.06452,10.351178,10.463154,10.764556,11.185495,10.661069,11.141955,11.449349,11.686665
Mali,6.257621,7.219808,7.444077,8.122906,8.249623,8.788718,9.198464,9.519823,9.974218,10.453611,11.00911,11.362847,11.26777,11.526373,12.34298,13.104764,13.871694,14.607651,15.301001,16.028741,15.830714,16.313964,16.880867,17.666971
Malta,6.701026,6.650321,6.832614,7.085029,7.113876,7.318804,7.48978,7.867015,8.21396,8.099347,8.601292,8.686614,9.04299,9.611949,10.345449,11.340795,11.803241,13.334371,14.292992,14.876819,14.359896,16.292782,16.968587,18.240979
Myanmar,13.523413,15.057509,16.868252,19.203492,21.808381,24.767549,28.006179,31.364521,34.581049,38.229353,41.912536,44.256068,47.50122,51.503673,55.711476,59.60729,63.101752,66.973743,71.172235,75.854735,68.991135,60.700903,63.151698,63.756974
Middle East & North Africa (excluding high income),906.085491,931.218763,960.507885,982.479013,1058.398518,1105.720237,1164.062911,1234.105007,1279.935853,1312.579953,1382.924515,1369.946048,1418.60209,1425.055454,1454.386188,1461.561543,1540.538175,1588.629234,1617.467226,1632.107095,1579.546429,1647.989185,1715.655861,1769.717497
Montenegro,2.680897,2.710382,2.761986,2.830557,2.955839,3.079411,3.343206,3.570883,3.828799,3.606917,3.705542,3.825173,3.720984,3.853041,3.921767,4.05473,4.174315,4.371196,4.59316,4.779778,4.048142,4.57616,4.86934,5.177944
Mongolia,3.817249,3.929961,4.115965,4.404274,4.872246,5.225662,5.672782,6.25413,6.81077,6.724369,7.152386,8.389089,9.42261,10.520242,11.349786,11.619893,11.793004,12.457761,13.4226,14.174567,13.528525,13.749956,14.441951,15.513849
Northern Mariana Islands,,,1.607115,1.61263,1.562994,1.364448,1.270691,1.185758,1.054497,0.869188,0.881321,0.816242,0.822861,0.844921,0.880218,0.91,1.17583,1.448279,1.165903,1.032436,0.732412,0.768812,0.896764,
Mozambique,5.210292,5.879903,6.448401,6.913828,7.481087,7.953295,8.74152,9.41019,10.057426,10.653728,11.365368,12.17618,13.149605,14.01372,15.093136,16.208986,16.97032,17.418032,18.025039,18.442826,18.217912,18.651031,19.465046,20.523333
Mauritania,3.409611,3.382352,3.429078,3.666654,3.840188,4.169149,4.933488,4.836327,4.820314,4.825032,4.951459,5.158073,5.388639,5.612312,5.852228,6.166864,6.244622,6.636194,6.952885,7.171276,7.145412,7.198482,7.687691,8.187944
Mauritius,6.730792,6.956108,7.068443,7.48728,7.811481,7.950333,8.33716,8.814631,9.289472,9.597425,10.017524,10.425992,10.790497,11.153101,11.579927,12.007291,12.471069,12.962178,13.481538,13.871328,11.85353,12.257,13.345408,14.27402
Malawi,4.736774,4.501121,4.57764,4.838824,5.101112,5.267854,5.515443,6.044925,6.506742,7.04863,7.533158,7.904743,8.054934,8.490734,8.96836,9.219474,9.449961,9.82796,10.255826,10.842134,10.928177,11.426315,11.531564,11.749794
Malaysia,148.271359,149.038923,157.073594,166.165798,177.437552,186.898769,197.336779,209.7666,219.90204,216.573759,232.65403,244.970532,258.378882,270.50647,286.755041,301.355267,314.764918,333.061328,349.191778,364.602266,344.70648,356.134704,387.694727,401.479164
North America,14887.619189,15040.994798,15311.920326,15727.95112,16323.62768,16888.634667,17357.178531,17705.72509,17737.883003,17275.880747,17746.468685,18045.711648,18450.545281,18844.18709,19324.609679,19858.182357,20207.172753,20712.926958,21323.521911,21863.084973,21341.079073,22620.877184,23211.640827,23852.818787
Namibia,5.607974,5.674033,5.945743,6.19783,6.958276,7.134269,7.638888,8.049406,8.2627,8.287155,8.787637,9.235045,9.702494,10.247262,10.871578,11.335161,11.338992,11.222512,11.341464,11.246292,10.335185,10.707647,11.28047,11.749736
New Caledonia,,,,,,,,,,,,,,,,8.738203,,,,,,,,
Niger,4.522118,4.850791,5.089376,5.199847,5.218764,5.601397,5.933618,6.120096,6.593265,6.722665,7.299346,7.471447,8.259606,8.698615,9.276389,9.683868,10.239808,10.752348,11.527745,12.212476,12.646097,12.821068,14.346775,14.705444
Nigeria,179.675449,190.308075,219.480697,235.606371,257.401276,273.974099,290.575363,309.727564,330.679001,357.255424,385.856064,406.337012,423.525316,451.78011,480.286164,493.026683,485.055087,488.964082,498.365674,509.371728,500.23231,518.476715,535.335926,550.647685
Nicaragua,7.3249,7.541779,7.598639,7.790181,8.204009,8.555337,8.910657,9.362946,9.684542,9.365795,9.778793,10.396566,11.071925,11.617341,12.173404,12.756686,13.338767,13.95669,13.487231,13.096502,12.866534,14.193857,14.726451,15.399335
Netherlands,647.616371,662.664227,664.292962,664.942855,678.350164,692.147557,716.631414,744.474741,760.2339,732.36912,742.031413,755.190192,747.805361,747.579281,759.63482,775.743675,794.549919,816.650691,835.09671,854.304699,821.260592,872.809729,916.51336,917.196719
Norway,304.696828,310.995308,315.279446,318.258551,331.035321,339.924026,348.291165,358.440508,360.167903,353.179332,355.959037,359.894719,369.676511,373.43313,381.081534,388.159512,392.6805,402.355151,405.690276,410.249333,405.005642,420.836044,433.48484,435.564038
Nepal,13.432367,14.077106,14.094019,14.650033,15.336036,15.869605,16.403556,16.963173,17.998714,18.814609,19.720799,20.395607,21.348111,22.100664,23.429242,24.360801,24.466311,26.66272,28.695053,30.605299,29.880069,31.325712,33.089761,33.735854
Nauru,0.06193,0.057743,0.051985,0.052133,0.049883,0.049706,0.053846,0.0419,0.05044,0.047589,0.047513,0.054352,0.068092,0.070576,0.082167,0.084383,0.088065,0.082771,0.081762,0.088701,0.090459,0.096978,0.09991,0.1005
New Zealand,119.003047,123.062802,128.863789,134.957716,140.475138,145.185609,149.221146,153.772258,151.866196,151.787298,153.98005,157.43127,161.0356,165.480472,171.693138,178.104221,184.780122,191.057624,197.74368,202.414311,201.55424,210.717395,216.564471,218.152543
OECD members,36782.623284,37301.925919,37874.665341,38647.885997,39911.032609,41043.103817,42294.109493,43390.434564,43554.80187,42079.558273,43322.86955,44144.40033,44749.470778,45473.561836,46466.290736,47636.457096,48513.896958,49761.149989,50924.208882,51870.498191,49848.647099,52800.27738,54401.582671,55392.228454
Oman,45.372727,47.465846,47.093636,46.060088,46.977842,48.283565,50.538318,53.055457,57.803951,61.261765,62.776155,64.593279,70.31826,73.994291,74.950484,78.710793,82.682874,82.934277,84.001727,83.053652,80.246671,82.31878,90.202537,91.384587
Other small states,97.442572,100.424724,103.915207,108.677337,113.987718,119.510525,127.089838,134.599572,137.182055,132.263576,135.946137,140.121624,142.551809,145.136099,148.774516,153.632609,159.874358,168.085591,174.690485,181.405977,170.768657,182.882529,191.819718,197.385979
Pakistan,162.552195,168.487545,172.859487,182.196166,196.464413,210.760292,223.514742,233.449557,238.399717,246.678268,250.382679,257.093227,264.87694,276.443759,287.823368,299.963591,319.682712,333.853051,354.390697,363.24209,358.614068,381.973779,400.224895,400.066035
Panama,20.639539,20.835596,21.358328,22.446932,24.282116,26.291748,28.883388,32.682439,36.015209,36.595725,38.818328,43.441155,47.623362,50.635232,52.977524,55.767806,58.317492,61.667283,64.08353,66.072085,54.297227,63.238419,70.048985,75.232121
Peru,87.409379,87.949475,92.745825,96.60871,101.398766,107.77174,115.885766,125.757364,137.234696,138.738546,150.298879,159.808578,169.620385,179.547449,183.824552,189.802976,197.306493,202.276319,210.305377,215.017546,191.509018,217.085487,223.002153,221.775234
Philippines,142.796015,147.150196,152.618673,160.382249,170.918126,179.365763,188.901594,201.21664,209.958471,212.999348,228.621785,237.442546,253.818844,270.952965,288.153025,306.445871,328.355086,351.113339,373.379141,396.224439,358.510629,378.998555,407.730368,430.342487
Palau,0.232062,0.247147,0.259544,0.251178,0.261073,0.269985,0.269651,0.274381,0.259307,0.24048,0.238325,0.250523,0.253663,0.245962,0.257694,0.278825,0.277598,0.268548,0.268844,0.269381,0.25322,0.218291,0.215413,0.219457
Papua New Guinea,11.016425,11.003064,10.98558,11.223319,11.528725,12.260199,12.923469,13.933463,13.892156,14.836881,16.339628,16.520596,17.28998,17.951313,20.382597,21.723437,22.915961,23.725951,23.659696,24.719772,23.93679,23.814388,25.173615,25.937811
Poland,283.174188,286.667834,292.117947,302.410346,317.805438,328.16851,348.521873,372.083512,388.3948,398.551824,411.181642,432.791139,439.333997,442.340098,459.68208,480.054119,494.605412,520.089747,552.573816,577.884229,566.120997,605.337233,637.150471,638.035044
Pre-demographic dividend,599.553606,625.398777,662.601273,657.84798,736.54396,780.507923,829.055963,879.342614,935.486734,981.483406,1045.887589,1090.828887,1137.387626,1205.148081,1269.921363,1307.394891,1338.843968,1360.801849,1395.961418,1442.199705,1405.291911,1450.205802,1510.362701,1542.591927
Puerto Rico,99.578589,105.865455,106.835669,106.89274,116.244441,113.934735,112.328923,111.022755,108.975346,106.847684,106.406132,106.024654,106.055693,105.730286,104.471711,103.3755,102.06915,99.124232,94.801001,96.389357,92.359439,92.715229,96.02341,96.564521
"Korea, Dem. People's Rep.",,,,,,,,,,,,,,,,,,,,,,,,
Portugal,193.67742,197.441874,198.964003,197.112601,200.638424,202.207111,205.493047,210.643894,211.316368,204.718906,208.276152,204.707283,196.41479,194.481859,195.923731,199.038523,203.027536,209.757332,215.937375,221.866335,203.663018,214.984152,230.002605,235.813117
Paraguay,20.783433,20.610088,20.605677,21.495995,22.368178,22.845401,23.943606,25.241738,26.881515,26.811317,29.786095,31.062838,30.8429,33.400725,35.171377,36.211448,37.756962,39.573101,40.841123,40.677001,40.343536,41.96403,42.037903,44.019622
West Bank and Gaza,7.1184,6.4556,5.6494,6.4412,7.8534,8.7401,8.653,8.9808,9.648,10.4771,11.0824,12.1464,12.8869,13.4924,13.4711,13.9724,15.211,15.4269,15.6162,15.829,14.0374,15.0217,15.635,14.789
Pacific island small states,6.483424,6.540623,6.672221,6.795302,7.066349,7.237983,7.407133,7.417006,7.562274,7.518157,7.799113,8.098943,8.180928,8.444823,8.750079,9.074649,9.414677,9.793645,10.064733,10.180685,9.147952,8.901183,9.715269,10.240406
Post-demographic dividend,34954.7913,35489.373169,36030.768406,36761.069845,37941.33621,38998.353143,40145.580259,41165.557418,41308.857936,39913.205573,41067.47703,41757.940075,42273.397215,42914.563259,43778.758481,44758.282965,45560.213468,46673.359982,47721.06003,48597.410414,46615.24508,49244.517991,50579.346305,51518.547451
French Polynesia,5.414653,5.396157,5.441818,5.557562,5.61154,5.628935,5.679009,5.775834,5.776225,5.531811,5.395393,5.235583,5.187021,5.207707,5.238618,5.325846,5.45205,5.69055,5.794803,5.951258,5.531636,5.647512,5.899734,
Qatar,33.690629,35.003953,37.51799,38.913643,46.392424,49.868496,62.919204,74.235636,87.348289,97.792141,116.951901,132.594425,138.866157,146.581617,154.400754,161.739956,166.695978,164.199531,166.227186,167.371229,161.416824,164.042828,170.908036,172.936988
Romania,102.548873,107.900062,114.053594,116.723756,128.895841,134.91289,145.744791,156.287689,170.834115,161.409699,155.10534,162.078239,165.163587,165.624017,172.441103,177.885131,182.972526,197.968,210.085482,218.32769,210.305491,221.968423,230.770154,236.318496
Russia,780.432874,820.23535,858.786345,921.477339,987.823227,1051.043572,1137.229863,1233.894148,1298.056265,1196.807955,1250.664313,1304.443244,1356.935164,1380.755104,1390.921151,1363.482182,1366.123112,1391.065652,1430.116279,1461.551317,1422.766795,1502.645054,1471.544636,1524.520243
Rwanda,2.738156,2.970476,3.362343,3.436395,3.692326,4.038589,4.411233,4.747955,5.277886,5.607662,6.018965,6.497978,7.059501,7.392699,7.848619,8.54376,9.053886,9.408633,10.209916,11.174486,10.797493,11.969882,12.946353,14.013299
South Asia,1106.736038,1154.980289,1197.958497,1283.924902,1380.844616,1485.96457,1599.173004,1713.341603,1769.849564,1892.852437,2032.28045,2135.345451,2250.255774,2385.465176,2548.820849,2733.651859,2946.22892,3137.776775,3336.545179,3467.482077,3308.577713,3598.528699,3825.711147,4085.03861
Saudi Arabia,353.688943,354.907696,352.464483,383.371236,416.459918,441.218019,455.837853,465.928358,494.993062,489.712922,514.39197,570.942997,601.824824,617.079749,640.599267,669.484267,682.100649,688.314918,710.335673,718.133267,692.413074,727.553802,782.018365,776.114793
Sudan,37.61027,40.055074,42.46097,45.131259,47.451407,50.129334,53.403487,56.466324,58.638439,57.015501,59.215297,57.312394,47.5666,48.496596,50.757206,51.726759,53.520458,53.900055,52.455032,51.312429,49.44989,48.525909,48.06112,38.395271
Senegal,10.450472,10.900976,10.908465,11.518679,12.053525,12.573061,12.86611,13.22985,13.719774,14.097357,14.575382,14.769831,15.361067,15.731635,16.710784,17.774767,18.904543,20.304894,21.565674,22.560634,22.863415,24.359597,25.291562,26.450942
Singapore,140.533304,139.028385,144.482971,151.054425,166.069209,178.302402,194.361682,211.896059,215.844708,216.120888,247.5011,262.883131,274.543306,287.769789,299.095085,307.998545,319.051516,333.450075,345.177895,349.820741,336.283382,368.87182,383.029404,387.147091
Solomon Islands,0.769821,0.70857,0.68873,0.733659,0.790028,0.848157,0.883256,0.915404,0.972397,1.000249,1.097357,1.17889,1.207961,1.271231,1.286349,1.30791,1.380561,1.423018,1.462094,1.48766,1.43736,1.474218,1.509636,1.55613
Sierra Leone,2.872714,2.690427,3.40404,3.726866,3.968324,4.141085,4.318452,4.662916,4.916388,5.074176,5.410974,5.736164,6.608161,8.001097,8.365887,6.651627,7.073787,7.339323,7.594211,8.012098,7.911679,8.378219,8.8234,9.327218
El Salvador,17.621447,17.776448,18.056057,18.338705,18.50181,18.997812,19.821747,20.187974,20.622905,20.188015,20.622905,21.401127,22.019128,22.499795,22.888906,23.43824,24.033352,24.57353,25.166352,25.779775,23.744951,26.571731,27.315621,28.274666
San Marino,1.49557,1.578998,1.583905,1.645249,1.720089,1.761803,1.829282,1.959331,1.949516,1.748307,1.652611,1.5152,1.408461,1.397419,1.387604,1.419401,1.452678,1.456429,1.478187,1.508722,1.408423,1.604163,1.730867,
Somalia,2.059707,2.206158,2.374494,2.555674,2.737391,2.932028,3.12221,3.331222,3.554225,3.792158,4.046018,4.316873,4.605859,5.110629,5.569462,6.152149,6.584945,7.555289,7.710498,7.928267,7.710043,7.976674,8.194207,8.539706
Serbia,26.625556,28.430375,30.290019,31.67115,33.788958,35.783688,37.17949,40.091414,42.160489,40.835549,41.493399,41.515918,41.331606,41.518251,40.769149,41.297411,42.52609,43.531149,45.555065,47.719025,47.265683,51.022859,52.365263,54.380002
Sub-Saharan Africa (excluding high income),807.832214,841.684255,895.213119,931.605426,993.192387,1052.911485,1116.611579,1185.417486,1247.018309,1286.704029,1363.871726,1424.027406,1470.624001,1546.660307,1622.08546,1668.612318,1689.39466,1731.627303,1779.172826,1826.599487,1790.066195,1867.576739,1935.794122,1989.975182
S. Sudan,,,,,,,,,20.185218,21.202884,22.367647,21.329717,11.500531,13.01052,13.449449,11.997801,,,,,,,,
Sub-Saharan Africa,808.78581,842.615447,896.154985,932.49057,994.05104,1053.847891,1117.63657,1186.533889,1248.102936,1287.761764,1364.977114,1425.237914,1471.872164,1547.924119,1623.400629,1670.044722,1691.000635,1733.344961,1780.975327,1828.501383,1791.74481,1869.264626,1937.734801,1991.977219
Small states,131.734861,135.10549,139.320655,144.730181,151.121773,157.80048,166.934728,175.503068,178.406239,172.557302,176.813728,181.838104,185.112481,187.988035,192.535746,197.793251,204.513274,213.759758,221.632855,228.85339,213.604869,228.990023,247.323901,259.198177
Sao Tome and Principe,0.138248,0.142485,0.147273,0.159484,0.165126,0.176049,0.191657,0.198637,0.211009,0.217978,0.221135,0.225556,0.232194,0.244082,0.256057,0.26,0.273459,0.284707,0.297172,0.303157,0.311115,0.317024,0.317559,0.318741
Suriname,2.921019,3.043702,3.128925,3.326048,3.608762,3.771156,3.98964,4.19357,4.367326,4.498944,4.731487,5.008249,5.142988,5.293855,5.307381,5.126238,4.874454,4.95079,5.195769,5.256434,4.416708,4.309145,4.412832,4.524899
Slovakia,48.483457,49.901675,52.105958,54.636588,57.581226,61.315329,66.788144,74.013707,77.983341,73.690094,78.69408,80.710557,81.977043,82.553607,84.789118,89.178549,90.915585,93.529165,97.328432,99.543529,96.969819,102.523269,102.98429,104.403761
Slovenia,32.113425,33.021813,34.105782,35.195472,36.795465,38.213609,40.471569,43.360928,44.823161,41.42082,41.881477,42.155984,40.92691,40.589764,41.711191,42.709468,44.00545,46.28247,48.309218,50.002577,47.959973,51.983647,53.386809,54.514654
Sweden,368.73458,373.752198,382.265044,389.455236,405.732636,417.065466,436.567442,450.646355,446.486335,427.485779,452.069357,466.372427,464.439473,469.723478,480.507219,501.698264,513.486872,522.858809,532.808627,546.393371,535.436339,567.227918,575.50541,573.717486
Eswatini,2.373553,2.398588,2.503649,2.600796,2.695046,2.856716,3.027895,3.162194,3.188177,3.238073,3.360918,3.436445,3.621897,3.761747,3.826332,3.878174,4.015035,4.114008,4.145652,4.351364,4.225737,4.369385,4.36643,4.585402
Sint Maarten (Dutch part),,,,,,,,,,1.257552,1.297793,1.357492,1.376368,1.394354,1.41639,1.417889,1.43161,1.323736,1.232967,1.368162,1.185967,1.240256,1.361801,1.413549
Seychelles,0.949537,0.927972,0.939226,0.883933,0.858737,0.936073,1.024121,1.115023,1.084628,1.057736,1.105388,1.210508,1.248163,1.263812,1.315169,1.432403,1.605975,1.717657,1.802501,1.901896,1.678616,1.687886,1.940679,2.002037
Syrian Arab Republic,20.770488,20.988015,21.818055,23.389923,25.00452,26.55857,27.898767,29.481909,30.801717,32.622728,34.316469,35.29449,25.998268,19.160701,17.185167,16.466863,15.412063,15.300591,15.513755,15.703132,15.593657,15.882797,15.999183,
Turks and Caicos Islands,,,,,,,,,,,,0.777809,0.770246,0.778494,0.846311,0.94207,1.010381,0.985122,1.040393,1.095647,0.802201,0.874603,0.928829,0.939975
Chad,3.133116,3.498379,3.795434,4.354185,5.81847,6.826959,6.871215,7.096007,7.312626,7.621051,8.653711,8.660882,9.430191,9.967712,10.655483,10.950392,10.265388,9.958586,10.195007,10.526057,10.35764,10.236539,10.523607,10.957424
East Asia & Pacific (IDA & IBRD countries),3819.287443,4085.794515,4415.04464,4810.055706,5248.715978,5772.425823,6411.894455,7212.431511,7833.85341,8459.689594,9298.687152,10102.335401,10868.166175,11661.476042,12476.140736,13312.998658,14187.189501,15139.085335,16127.331737,17060.169194,17272.323897,18585.366745,19214.695642,20196.064924
Europe & Central Asia (IDA & IBRD countries),1941.9533,1992.293136,2091.772716,2221.077272,2395.396278,2553.774957,2754.018863,2963.492348,3096.05331,2950.801917,3088.54793,3271.580885,3384.422116,3497.448868,3579.283046,3632.527036,3700.007289,3858.954641,4003.014498,4111.028773,4050.887164,4350.328683,4425.605811,4587.133497
Togo,3.492827,3.521588,3.656346,3.902059,3.86387,3.683571,3.78119,3.736757,3.887559,4.099579,4.339583,4.592288,4.881726,5.166051,5.457067,5.755461,5.998048,6.238457,6.537595,6.859436,6.996087,7.415214,7.842296,8.344824
Thailand,221.454615,229.082064,243.168402,260.65037,277.043564,288.645147,302.984492,319.452158,324.964941,322.720674,346.967938,349.882927,375.224234,385.308369,389.10161,401.296238,415.081397,432.422174,450.682801,460.21275,432.369701,439.150044,449.965297,458.457299
Tajikistan,2.699528,2.958165,3.277647,3.638189,4.012922,4.281788,4.581513,4.938871,5.329042,5.536874,5.896771,6.333132,6.808117,7.311918,7.801816,8.271431,8.84216,9.469954,10.18967,10.943706,11.425229,12.4992,13.499136,14.619565
Turkmenistan,10.334005,10.782898,10.81063,11.164011,11.722257,13.25014,14.704119,16.330291,18.730844,19.873426,21.701781,24.891942,27.654948,30.475753,33.614755,35.799714,38.019297,40.490551,43.000965,45.710026,48.406917,51.408146,54.595451,58.035051
Latin America & the Caribbean (IDA & IBRD countries),3409.430284,3417.184819,3431.916323,3519.067798,3707.313367,3856.900301,4059.300163,4276.857902,4439.954436,4336.676043,4626.327723,4838.015729,4965.821465,5107.285428,5178.541044,5197.174644,5179.543838,5282.803532,5371.414263,5407.99575,5056.032506,5422.918139,5639.18688,5761.673099
Timor-Leste,0.832684,0.968839,0.903891,0.884166,0.887703,0.914197,0.876568,0.966551,1.076688,1.185939,1.296605,1.373863,1.440642,1.485364,1.551797,1.590282,1.638149,1.586016,1.578617,1.960846,2.582939,2.721465,2.161272,1.769697
Middle East & North Africa (IDA & IBRD countries),898.969273,924.766691,954.863632,976.042088,1050.548357,1096.98272,1155.41345,1225.128247,1270.291545,1302.105767,1371.845119,1357.80088,1405.716003,1411.563054,1440.915088,1447.589143,1525.327175,1573.202334,1601.851026,1616.278095,1565.509029,1632.967485,1700.020861,1754.941215
Tonga,0.39702,0.402945,0.420792,0.42101,0.412725,0.410011,0.401131,0.391246,0.410272,0.389228,0.392437,0.418745,0.422597,0.424261,0.432706,0.437526,0.466397,0.481332,0.484641,0.483631,0.492256,0.494041,0.48263,
South Asia (IDA & IBRD),1106.736038,1154.980289,1197.958497,1283.924902,1380.844616,1485.96457,1599.173004,1713.341603,1769.849564,1892.852437,2032.28045,2135.345451,2250.255774,2385.465176,2548.820849,2733.651859,2946.22892,3137.776775,3336.545179,3467.482077,3308.577713,3598.528699,3825.711147,4085.03861
Sub-Saharan Africa (IDA & IBRD countries),808.78581,842.615447,896.154985,932.49057,994.05104,1053.847891,1117.63657,1186.533889,1248.102936,1287.761764,1364.977114,1425.237914,1471.872164,1547.924119,1623.400629,1670.044722,1691.000635,1733.344961,1780.975327,1828.501383,1791.74481,1869.264626,1937.734801,1991.977219
Trinidad and Tobago,13.233523,13.785165,14.879254,17.027966,18.381698,19.523006,22.101616,23.152373,23.937641,22.886364,23.64693,23.577324,25.333085,26.227795,27.238519,27.026751,24.99241,23.792567,23.649225,23.734663,21.58006,21.356183,21.672732,21.96481
Tunisia,27.972152,29.034051,29.418043,30.801397,32.722107,33.862978,35.638787,38.029979,39.641606,40.848079,42.061729,41.20088,42.938188,43.981556,45.34073,45.779494,46.291046,47.326965,48.569265,49.34047,44.893939,47.02026,48.277262,48.296165
Turkey,413.82549,390.030497,415.17858,439.106177,482.120738,525.474505,561.984411,590.32814,595.139459,566.434967,614.169032,682.956643,715.659972,776.389568,814.741001,864.31381,893.035686,960.031201,988.958577,997.053347,1015.597273,1131.775464,1194.401443,1255.449309
Tuvalu,0.029172,0.029172,0.03195,0.030561,0.029866,0.028477,0.029172,0.031255,0.033339,0.031255,0.030561,0.032645,0.03195,0.033339,0.033339,0.036812,0.038896,0.039848,0.040401,0.045985,0.044019,0.044813,0.045117,0.046855
Tanzania,18.486481,19.60876,20.999648,22.40091,24.081833,25.882267,27.572954,29.43924,31.113277,32.752669,34.828049,37.500111,39.187674,41.84522,44.662433,47.41392,50.669889,54.096327,57.054359,60.363511,61.565931,64.226432,67.159014,70.563656
Uganda,12.220818,12.854303,13.976829,14.881586,15.89461,16.901146,18.723892,20.299025,22.066817,23.567696,24.896351,27.23453,28.279643,29.294007,30.789849,32.387184,33.935615,34.998277,37.204541,39.600047,40.768766,42.210586,44.147217,46.503342
Ukraine,69.836369,75.981969,80.039138,87.656151,97.995503,101.005171,108.652697,117.579434,120.217318,102.020663,106.195353,111.977988,112.148547,112.199506,100.891036,91.030968,93.253017,95.453763,98.783536,101.944119,98.118342,101.499127,72.309415,76.159411
Upper middle income,8023.928182,8298.389314,8695.78341,9206.218058,9928.782901,10673.460291,11590.864672,12681.834073,13476.120643,13943.25967,15131.98324,16181.405843,17113.469632,18076.729827,18971.909577,19830.615812,20738.282957,21848.798125,22920.245491,23852.451211,23733.210553,25538.815904,26384.548095,27548.975484
Uruguay,36.242903,34.849678,32.155099,32.414039,34.036089,36.575226,38.07429,40.564924,43.475922,45.32082,48.857389,51.379473,53.19737,55.664419,57.467273,57.680328,58.655009,59.675827,59.77416,60.329074,55.876702,58.984505,61.761057,61.988014
United States,13717.679619,13848.757308,14084.248131,14477.988212,15035.068144,15558.822251,15992.063824,16312.522122,16331.051067,15910.281498,16339.094225,16594.704135,16974.575729,17334.068403,17771.549056,18295.019,18627.887993,19085.691123,19651.869118,20159.63909,19723.580222,20917.853445,21443.388432,22062.578283
Uzbekistan,31.472652,32.783123,34.085756,35.528479,38.174996,40.828161,43.870438,48.026287,52.362658,56.57834,60.876692,65.457748,70.106848,75.22223,80.392885,86.196265,91.309557,95.322863,100.622047,107.444146,109.123866,117.891623,124.966703,132.828878
St. Vincent and the Grenadines,0.574859,0.584909,0.616156,0.657385,0.684434,0.701467,0.750548,0.775488,0.778626,0.767895,0.733567,0.729119,0.737643,0.755808,0.765257,0.786556,0.819166,0.831034,0.857424,0.863098,0.830826,0.837088,0.897023,0.950988
Venezuela,,,,,,,,,,,,,,,,,,,,,,,,
British Virgin Islands,,,,,,,,,,,,,,,,,,,,,,,,
Virgin Islands (U.S.),,,4.68821,4.669641,4.82308,4.99118,5.16612,5.373312,5.438793,5.080116,5.110413,4.691142,3.996267,3.745095,3.678637,3.663,3.721639,3.694274,3.763664,3.873124,3.810576,3.950332,3.898534,
Vietnam,93.525828,99.317783,105.595482,112.880581,121.387726,130.549158,139.658819,149.615801,158.086705,166.620064,177.322478,188.694468,199.08124,210.137238,223.632762,239.258328,255.264732,272.98059,293.35861,314.947641,323.972192,332.245562,359.235579,377.364153
Vanuatu,0.524671,0.506845,0.480497,0.501102,0.521083,0.548729,0.595155,0.612271,0.646564,0.666202,0.674589,0.69577,0.702797,0.706054,0.728202,0.730871,0.76514,0.813476,0.837068,0.864199,0.821054,0.808309,0.823797,0.842027
World,48437.2632,49422.295421,50567.138353,52131.518188,54463.866516,56653.579444,59180.664984,61768.752251,63038.812186,62192.598074,65002.105449,67170.761718,68978.972329,70960.627148,73182.741848,75472.473883,77596.070031,80274.256582,82909.015821,85127.633138,82677.384726,87927.472716,90774.582978,93346.688687
Samoa,0.53513,0.574677,0.607157,0.638806,0.658528,0.702249,0.717222,0.720707,0.746336,0.742293,0.787757,0.818078,0.787546,0.788391,0.793594,0.82415,0.88995,0.902465,0.896963,0.936894,0.907772,0.843512,0.798753,0.867318
Kosovo,,,,,,,,,4.580661,4.811291,5.048966,5.368051,5.459963,5.751568,5.944177,6.295848,6.646639,6.967383,7.204736,7.547451,7.144396,7.912108,8.250628,8.586233
"Yemen, Republic of",41.49824,43.076687,44.771854,46.449634,48.294936,50.995468,52.612233,54.368654,56.351789,58.530478,63.038675,55.023373,56.340077,59.057651,58.946215,42.44449,38.465266,36.514386,36.789138,,,,,
South Africa,221.69197,227.677653,236.102579,243.065422,254.135983,267.54687,282.539679,297.685145,307.184409,302.459639,311.653604,321.528524,329.233095,337.416078,342.186556,346.70979,349.013858,353.055254,358.551561,359.483564,337.307319,354.021006,360.788047,363.308098
Zambia,8.05903,8.487518,8.869967,9.485984,10.153076,10.887712,11.748243,12.729508,13.719086,14.984034,16.527123,17.44756,18.773118,19.722575,20.648212,21.251217,22.049221,22.826647,23.747586,24.089862,23.418946,24.879099,26.175604,27.580696
Zimbabwe,19.841017,20.126652,18.336582,15.220267,14.336344,13.517583,13.049673,12.572926,10.351422,11.595617,14.083116,16.142097,18.683651,19.280917,19.56715,19.963121,20.142979,20.964866,22.015178,20.621079,19.009139,20.618836,21.884681,23.052607
