Country,1999,2000,2001,2002,2003,2004,2005,2006,2007,2008,2009,2010,2012,2013,2014,2015,2016,2017,2018,2019,2020,2021,2022
Afghanistan,0.0,0.0,0.0,10.921047760500263,10.98092209694187,12.851767620382226,14.183786624844899,15.204356039127195,14.61470578413356,16.6603652446267,19.69852427465637,21.94956982305297,21.920029275410187,23.41789481170445,26.255622818093826,0.0,0.0,0.0,0.0,0.0,0.0,0.0,0.0
Albania,5.231258938273284,5.312493480403993,5.672847873572942,5.9542578755919005,7.113123984312525,9.17626594579696,9.983913938794004,10.622975412258356,11.324249694872544,11.912411623271549,12.252865971669392,11.797,13.3563426417927,14.380772506868306,15.246887831419672,10.947208845012451,11.59954632271186,12.379922442343346,13.240755194488354,14.18150523492473,15.39006029601774,14.67836087823691,14.349708223064727
Algeria,182.1358471003699,166.41205645399003,155.28040471136035,158.37400213645657,173.30063371652489,194.37590930825453,208.3238564860059,209.98472001003597,199.22127668149412,189.04612363328857,216.81530620905215,215.52881325476488,196.037128880185,208.07181757677932,219.11659949469694,198.45617591242933,204.22534923022567,205.9102227209328,203.96422607003726,210.906,229.9959942825906,148.25841066298463,123.87510476566949
Angola,195.33260479494504,55.982294688221614,26.538499122377875,11.386,7.196538474644446,7.651210462768549,8.313977873078786,10.14111973643725,12.301940647107122,12.583961348690408,15.587662888818226,14.829421503259486,14.165783726232009,15.866998137325309,16.96952703241494,11.875156265270734,9.446251772478643,8.215006161049093,6.845393166280497,6.094033485975416,5.858829226897973,2.3346779467845957,2.187871113549832
Antigua and Barbuda,0.8898239719135239,0.9117387774574444,0.9352722967640089,0.9337402590974888,0.9853188147592481,1.0444114787291248,1.0672742816617715,1.160348712062234,1.185687890808848,1.1850198746361789,1.2876733450873534,1.2845103258218284,1.407691163460492,1.4879108378857953,1.5556246306583155,1.301709892476442,1.3515972522295174,1.4062396211034536,1.458,1.52504329122347,1.5927226074058565,1.319088683508761,1.3523156886540997
Argentina,483.7730713,479.9565290936787,458.7960384711955,127.82018451467019,151.08253642002867,151.95800015662053,164.5695213889264,169.51567991621513,171.329878920286,156.44642500430587,147.0213715559469,119.48341811722653,84.22693075718614,70.85760276831694,53.332381395333286,70.11964987328642,49.68706262375108,40.17443130628675,28.92239402999342,19.852391399277845,14.550689090815458,6.791650717808112,4.259300121280647
Armenia,3.119161359586752,3.27745330734018,3.489992224789193,3.82494943593647,4.320123406392867,5.174173121920312,6.879443155237178,8.596921427850145,9.85965158205083,10.410373762243832,10.279860682229826,9.049956862169259,9.086,9.523365000395739,10.232260958173878,9.90961033252555,9.943630595177842,10.10095844707392,10.32040146138165,10.776163080888914,11.159332843088988,10.981955176687894,11.251655910389978
Australia,798.1175825778737,755.4767375677936,681.6344328090677,743.2945063309209,922.2173965693285,1082.5942090455958,1161.8892717901285,1171.0991931091398,1214.8988338455672,1207.0058983290514,1238.8778440370966,1308.394491902289,1280.1563955073525,1330.6267777448943,1369.2447631704792,1518.5450749138479,1543.5984510553749,1565.4792828601926,1611.6805274357457,1626.4608527662474,1673.6534205919781,1725.281408357792,1677.45
Austria,284.01426836018805,255.2666496262659,249.0234387764421,265.58516718867054,321.58095599123715,362.22884066747577,367.89580308974104,380.68875549614677,403.3324934537,413.6576022126219,416.9416713040598,429.4339781719725,431.82239775399614,436.6824423213596,440.51926724691646,372.606,379.21793501165354,391.5461725608813,399.378502202524,407.4769491633565,413.98053606929943,431.17534961359587,442.7848278074415
Azerbaijan,7.38089504095256,7.552346089675926,7.974815003235753,8.360169528610314,9.11956918832995,9.960293967714708,12.561,17.804836418180763,21.304739003786967,23.37192272992383,30.428441887336323,32.73179172258557,29.406488454096095,31.303788918309788,33.17863080922009,35.407679206472885,30.6936487948373,29.463638353204097,27.499861187274593,31.17800531442001,34.98280658453167,17.354946795818176,13.142395055111978
"Bahamas, The",6.388402094257191,6.733693408134987,6.8802946922454495,6.950962678298783,7.0169672686522935,7.133194210235118,7.040574510481694,7.402660089994834,7.654037071708003,7.999467452023558,8.51696981354363,8.557466332400931,8.77621390047106,9.055399141961178,9.027529660746673,0.0,0.0,0.0,0.0,0.0,0.0,0.0,0.0
Bahrain,12.73430098190402,13.409805414288448,13.80865291477162,14.226980222668258,15.097771476875128,15.623387832038274,16.437304205028454,18.135180186524753,18.223476974424997,18.39037729872869,20.801676398327142,21.567,21.434815525171864,22.747758846049503,24.34506172642825,30.568997253770668,31.93138747984702,32.02959912577918,32.50513847020945,34.36596309210088,38.56118688649053,33.641075476525934,32.796232560048814
Bangladesh,148.63620778283146,145.2866111029364,141.13483358506932,142.65696888581908,148.18911949587147,153.80522299967564,152.43347976280458,153.2210743690875,157.64915023784337,159.45743100267424,176.52247566802188,177.21149331889416,175.85525717027934,176.5691440271669,180.26587030326758,258.6842331607883,218.991,227.2522223209999,234.7125272491803,247.65550447120725,259.83340974185137,285.5382669178121,298.49908592587343
Barbados,3.378711470439618,3.5359282562510224,3.451181862825338,3.315680025752453,3.569122137404579,3.52523689940485,3.591135227123967,3.8161004237664087,3.8922528961686402,3.9974607978264234,3.732462217272481,3.629988633168011,3.9130369719338325,3.992169086416926,4.17627554919566,4.259044003572774,4.351545584506263,4.348264584334674,4.3465896316808115,4.337300413735306,4.449604902555117,3.7826550841651554,4.020804067619803
Belarus,2075.1579423409426,766.6852928371524,415.7602878914244,338.5267648329845,315.05822356930685,333.4537722753331,364.9402032014029,404.0301484170715,369.97615104538477,298.3364783458383,358.7987861858897,349.31157200243655,151.62208413852974,143.61358737715057,140.10228321274764,81.84763741519299,80.84503354432378,79.6154938627681,76.023,75.9249836193333,73.52629898277479,46.93660660677653,43.8862925864944
Belgium,332.9922747883268,299.4751235402321,292.38433976595604,313.3810469307341,378.1429514481142,429.15944051388794,436.287431318653,450.506737093324,475.6016302761579,486.0576935922835,505.8106064020035,516.4957004092913,524.3564291601704,532.1223490348195,542.1976167917235,458.65100000000007,464.59973280370417,474.1108348655591,485.3095551152194,495.2429059963698,510.39486994240553,517.5179074032803,520.0640035928373
Belize,0.8893294727356067,0.9967278645390829,1.0642568592370925,1.1306518283523932,1.2505749411943923,1.3080066063672644,1.3371584144382347,1.4140042273106501,1.443718615791164,1.477082195451163,1.5645812775724521,1.6011849145554018,1.66753034876194,1.7190925933269823,1.7869792107378621,1.7621457405240761,1.8022262119268586,1.834703710685669,1.9183766771989943,2.0092796407256714,2.1092664772195353,1.8161305992123435,1.8271228556128445
Benin,3.8244098300828213,3.5049772533266985,3.6088998585917325,3.9237976193872113,4.818168315108118,5.4358695228627925,5.666031532976726,5.99569978230108,6.746551583101917,6.882162046855567,7.358963043983289,7.7175039026848875,8.167725826790507,8.76541842981199,9.563748149087722,7.701,8.245633581766736,9.032711492348028,9.799404741004402,10.702470473939204,11.26700942084442,17.181443878164103,18.18800442197073
Bhutan,1.2576027567842838,1.1545313881499633,1.1746609294644903,1.234781413385153,1.335897556911541,1.4856033421155925,1.6293792451614064,1.8150538543958155,2.0389012433327034,2.154461459937236,2.3558684043656983,2.356492188380831,2.318429012260009,2.3804053175236657,2.4436302243508394,2.4032735617289602,2.574893601042079,2.7479998876395335,3.105262686250826,3.3251950470256952,3.458730527391861,2.0983991243546027,2.1914037976999006
Bolivia,3.7580603001466004,3.6215360026523897,3.446018024077216,3.254068447517993,3.131861119974497,3.132382470849149,3.162541046016761,3.219435036556131,3.2979697037280826,3.309911185968299,4.511603768628492,4.481265851886103,4.199437250345273,4.233856316914108,4.437033102295933,6.259319739737709,6.6657995464756885,6.815202430447,7.171334373258069,7.826922461466582,8.636013775474733,6.585447684938457,6.646012235467394
Bosnia and Herzegovina,10.370142343211196,8.439333380435874,8.453951032472085,8.957541567080666,11.142564510022604,13.045892725392111,13.2427338091818,13.91871636095756,15.139796613235813,15.241989579930024,18.139951208298694,18.66463065075864,20.863172031137676,22.62796788946938,23.93853096427279,15.567999999999998,16.09145171404489,16.828309874181606,17.503201460619174,18.315450873565897,19.833019045973224,19.011524292483383,18.033595179028023
Botswana,20.94762082384251,20.185934341957086,18.236459113076524,17.72209121008834,23.956988714842335,25.72215592694843,23.100496603350507,23.28906104386606,24.100676721429576,24.287394626992743,17.44650421356919,17.26753988365311,17.61971612051325,18.876747851635763,17.449035747442448,14.649465572429095,13.010994365689854,14.219807423382697,15.208539289046149,16.40956444625255,17.08236318617411,15.895869598281337,14.969126243042943
Brazil,1399.2250974924257,1454.4373161488613,1156.4355091485254,960.7242413995099,919.5409942193443,1025.4002030521976,1268.7547098237749,1438.383168184554,1490.591717306094,1456.3073076069484,1606.3459691270648,1724.3499999999997,1645.782807602719,1619.9591321495693,1590.2026998313954,1234.1582938929837,1061.2611722080246,1076.5293940606095,1086.107882335382,1097.7068362052023,1084.1386604275133,768.29010892898,778.4873823408033
Brunei Darussalam,9.363095870206482,9.467660393884273,9.359989270461957,9.727999204506531,10.288654084194377,10.658764774409658,10.865931559952003,11.849431998002828,12.326684496530047,11.362864436079228,17.147343164278436,15.698,13.672555140896394,14.310590882989583,14.684945539550265,12.172288107571152,13.650773367252983,14.306791081760478,14.61969717551787,17.80346853941141,22.271612772755855,15.840783469063119,13.219502399193473
Bulgaria,26.55459883809148,24.08526158106276,24.431449660254096,27.00008546052461,33.79948761467325,38.995722017294725,40.17384446647655,43.10860052100753,45.379246822385575,45.93592420366953,50.54122765349124,50.91855266771205,52.06270271103261,56.2453394471863,59.830141468842235,47.167,47.030899941907485,46.8435554825756,47.152535505732125,47.16625718454635,48.04385941184267,58.711651539112594,54.68622178143795
Burkina Faso,4.283394943467922,3.7400945199682365,3.878656746683457,4.413377076569545,5.637247485044669,6.731192879119987,7.1356403536545905,7.733747544675985,8.628622226098287,8.634073939649099,8.673171959670158,8.924477051173936,9.279911860737313,10.24651913687986,11.14842474448843,11.323,11.92835007533733,12.909211196713025,14.050864397468327,15.386730339555232,15.995623281384685,17.737955477370377,18.3944818499801
Burundi,1.9414852686710595,1.226101389852952,1.0067346362528347,0.9453127537855556,0.800064930380341,0.7891081541267709,0.8009999999999999,0.8828762867394434,0.897135030578005,0.7967041922037047,0.9228567930590318,0.8663550530945651,0.7822494861384536,0.7728675855220929,0.7857396084779249,1.0482650602785972,1.1349871151087143,1.1015044658074609,1.234878504556295,1.3268852979292234,1.3560941825421664,0.888878719144229,0.7989324959503571
Cambodia,3.365401746911391,3.655,3.867641287462906,4.140123613043077,4.356840806321529,4.81084978796229,5.3265980073583545,5.795695660951777,6.104308151128014,5.912006428262401,7.26426572432992,7.591785328179398,8.895812850793549,9.742914717621126,10.40230232119526,10.369626049639065,10.860903088204967,11.419613841188825,12.086381838810098,12.7695869431352,14.025578553201415,13.330931236259907,13.7451988124384
Cameroon,14.409779036106968,13.677761312678227,12.618689839501531,14.076367528244461,17.283778662794553,19.987319124512318,21.08897930981991,22.437026521471342,24.327845177257604,24.76328824488948,24.390456694299246,26.15099455658362,27.845993603648417,28.56397279347867,30.047739030081694,28.712774392643936,30.79,33.180849454781416,35.41620415454826,38.017869895530765,41.23451463566629,41.52547698134261,42.48702426190358
Canada,928.311177860712,975.2253732599024,947.5037302705463,960.7647583049119,1099.8595823837816,1218.9483702641587,1346.8696875119608,1471.5842641637505,1421.5350667986763,1440.2951471022118,1457.7258051671388,1546.123511414798,1629.0963771709464,1668.9716915549113,1698.5435756495128,1572.78,1581.0144718362471,1628.5240507265057,1689.1380751766746,1744.3126529214587,1816.8437832219947,1737.3361147600626,1752.9545331020245
Cape Verde,,,,,,,,,,,,,,,,,,,,,,,
Central African Republic,1.1152050168924323,0.9516079889138921,0.9534819255955951,1.0543346494352968,1.192761068161682,1.3638266413980642,1.376,1.439990069568014,1.543233852064987,1.548619294535807,1.7473999975315644,1.8146149383761843,1.859024383544758,1.9416539913077049,1.8534419407040332,1.055699131850245,1.1614983412173294,1.2430026692727827,1.423512932107145,1.5471990795682882,1.6776423456612617,1.4424092350138662,1.4716688715866726
Chad,2.6404368833269554,2.266302344597495,2.4531963379404598,2.806840208624092,3.835095452604426,5.663828587818202,5.896,5.952660866443279,5.403286298981195,5.181360241648958,6.246701327740283,6.938139466441877,6.988533728796134,7.2376521789080135,7.317611098350868,10.152425360519016,11.293912256016023,12.949983021034035,13.408429816561643,14.220029231920936,15.995161834233981,9.93451579335697,9.052748016091575
Chile,172.86682378884043,170.34460087725085,148.9310070203112,141.38001209439278,149.10278215404574,180.45331069367066,209.14281687749136,227.17452825743666,222.78698858177805,221.17581366502517,215.44738072137983,211.18640507857668,214.10350883911468,221.73361208185668,214.93230644727754,267.2905692967601,255.91747690714607,254.94162214343902,262.953,269.5622158872253,259.6146633219152,275.44592206928945,271.74694475869956
China,2117.8848906208405,2295.7519969252903,2486.837027491697,2712.709564620474,2984.190304139347,3284.4539948665015,3671.71232466489,4141.457410290011,4459.022265021625,4631.840373570163,6463.606551099964,6690.102227037637,7498.342615525045,8198.508837013795,9223.418059278327,12677.17681401262,13455.703795458914,13878.083026551152,14527.187268927082,15697.64104670738,17100.06,16128.746773762285,17349.415632664197
Colombia,237.84637590437558,172.97361992889435,158.9075281176668,148.370211653827,136.03853256395607,156.48591689926175,187.51052351179737,194.48153747078157,204.4359107573762,199.1572203150119,279.226184419448,288.5703660515388,298.1891606389736,311.4571699442509,327.5591887723609,274.1890000000003,250.57553383145265,274.7715680341906,293.6645397093112,315.0797180935557,345.0647073375199,228.56109939260415,211.21712435305412
Comoros,0.2806149834662075,0.26605549763413266,0.2667434925643047,0.29330961136705125,0.3598798417509974,0.388784669217541,0.41425192702632685,0.4162505892369703,0.436,0.4576113723031902,0.5040257985419583,0.539156367773567,0.5580346235873432,0.5890174627652831,0.6278216309062665,0.5071358400816153,0.5290589666651094,0.56319141117223,0.5936067079768188,0.6109424667829471,0.6581750072623912,1.010335939009788,1.02223573903644
"Congo, Democratic Republic of",,,,,,,,,,,,,,,,,,,,,,,
"Congo, Republic of",,,,,,,,,,,,,,,,,,,,,,,
Costa Rica,63.70085069224736,58.78589345034011,55.113041409877106,51.65363183362858,48.37536900735428,45.303163032633556,43.04442812704477,40.86278283568495,38.45781305904769,36.18618172473745,41.433835714032476,40.372998189559866,41.55785967081088,42.53490971911908,42.39960056071368,54.133679282006966,56.548728508010946,58.787,61.61216653945847,64.121212913246,67.99125737521118,56.837398144520876,56.01431239664154
CÃ´te d'Ivoire,,,,,,,,,,,,,,,,,,,,,,,
Croatia,30.992007706224822,27.496200905480684,28.389665926953246,31.753138924146295,39.141446106227974,44.97576227996758,47.63560956011971,50.55503875065972,54.15350588680394,55.3695816234006,64.87112137295347,65.87388730495891,71.20585745718961,75.06055341112425,79.3923851960768,48.932,50.04826626756582,51.567812711135076,53.18612738746354,55.02323955243706,57.8045870167723,58.457286703523245,58.205109547117814
Cyprus,13.249716028086345,12.28541559328894,12.310817507323149,13.371499575609638,15.993778238370366,18.499972335322436,19.47636546324169,20.31600890980248,21.341349809517464,21.736147143523866,23.65762036616651,24.306,25.826017981908745,27.42071529492836,29.195853223559826,19.340090741925877,19.964703169211276,20.626909635286502,21.37376738740938,22.07695058486219,23.51073479802159,25.42317634745065,25.544907099722757
Czech Republic,,,,,,,,,,,,,,,,,,,,,,,
Denmark,239.20729970722928,214.0165730777484,208.82417350913508,221.61523956582005,266.65879487792193,299.0406432645196,308.9074991160265,322.9312033139088,344.83809206764516,346.0355342762072,335.67789690187874,344.5116154164115,363.3152158796103,376.3427736210141,385.6418625371115,291.043,300.14185334863777,311.77436294986285,325.95794005361716,338.7978472079398,347.7928208373409,362.81068424442446,350.8642067232657
Djibouti,,,,,,,,,,,,,,1.6120000000000003,1.7568235389304978,1.6907193013664026,1.866458991186783,2.0579746204616267,2.266215408915241,2.4862398402511423,2.6670939008915413,3.3575889218594432,3.453512330781
Dominica,0.2716682668155177,0.2807743705365572,0.269929258069784,0.2566531351777952,0.27015211340539835,0.27440603566529503,0.2917461794222616,0.3,0.30829830097300726,0.3173018890801941,0.3378105868989035,0.3484554011385027,0.3818842926710302,0.38608562509290817,0.4046429232258252,0.4382777005321945,0.43914601946240495,0.46765932154041545,0.47182306993884865,0.46894592253883727,0.49341857526921373,0.42332351489441256,0.4495636144034457
Dominican Republic,50.32849566806389,53.50072306390808,55.191682208924185,50.87121114615051,29.011038312168562,22.38397084974894,33.39326364183033,34.01317426993749,33.119,30.657199615444895,39.137583089451475,37.53466576635006,37.62151819930164,38.333894941946845,39.19862719401047,43.47754426928692,44.761790808831165,45.117571433106384,45.5026715669141,46.60522103380907,46.73239356086085,45.654076903744375,44.861449715545696
Ecuador,43.81312933411828,47.407515752750164,49.94059717071632,52.48729329996378,54.26192856059618,58.12680555376314,59.85214119298695,61.02506351892316,59.5990077647924,55.05202590445791,70.03253029800591,68.86836106553406,67.71079091162062,69.66892683612339,72.17990380151653,102.85425353312473,104.51339290568207,106.67923651165496,108.468,112.4816366966047,118.33140369386592,104.34843212995158,107.47355011055781
Egypt,,,,,,,,,,,,,,,,,,,,,,,
El Salvador,18.999845536195444,19.385167377819375,19.73344579330115,20.13501494840928,20.56652152454095,21.053636957577325,21.656458865151727,22.428789941680844,23.014306452892857,23.818873382724853,25.094942745213235,25.314693105049237,25.761378462172953,27.476218386373326,29.167000000000005,25.32089941785732,26.07724437753359,26.878033076436918,27.586361344414218,28.476172068941324,29.49230797391295,24.98416583174203,24.710077388783315
Equatorial Guinea,2.230845376196456,2.2588387100813843,3.6812448265666418,4.678742152708751,6.292929254400153,8.73020271617558,8.447243274663538,9.135,8.223207422371484,7.965638941726971,11.431158617368665,10.515322211421198,10.124157480973533,10.226514402874596,10.16716027143295,8.58241656639408,9.327952624143313,8.42601878385096,7.80352463992983,8.160852759631428,9.233471891542683,9.0348482026463,7.272110698465549
Eritrea,3.5911399173862657,2.511296450055569,2.308827719914583,1.8700242962840872,1.4135867054847924,1.2294990902246226,1.7289004941761381,1.8734529275145146,2.145100618254437,2.3576722144312914,1.6963601784628364,2.3489261830572703,,,,,,,,,,,
Estonia,11.737394873062007,11.434067975231892,11.780985623585519,13.25653955088986,16.752966581454302,19.429077961053054,21.66104986798338,23.716439927835136,25.176352595404737,26.405445814867484,21.81735513792385,20.74768117399357,20.1420096220941,20.591609474731456,21.308585371094676,22.934,23.705487522801132,24.43786779445199,24.911401441976942,25.689020828614584,27.959630183073642,29.854556785714454,28.22119028998217
Ethiopia,46.55107539708949,45.28386102186845,47.921531011378185,46.87605119560958,44.93749666709836,51.08196865601947,55.74480732448986,58.50484423246477,58.647582996609906,49.79498756333547,78.59322890062708,75.70165822953462,50.584545406008715,51.45549897770913,49.473112390475364,69.5750006446697,70.17102018186438,72.59121222830684,70.40613269949495,67.98042217745892,62.70140663910647,47.61051253879799,0.0
Fiji,3.39505701455127,3.153121677490695,3.0706350360446577,3.2400849350743304,3.719333547693296,4.270174981845689,4.292170778412697,4.3736964683328,4.497707024907628,4.60789008369764,4.196366865128369,4.045885997849325,3.8890941230467915,3.942189414955789,3.6830000000000003,4.4142790965603504,4.511033627496093,4.646874312093695,4.803584144914068,4.962682980714815,5.285088592590987,4.382218122350478,4.618487266278716
Finland,172.40344842257863,158.32192964043338,157.07995336311077,168.9059667039317,204.61477543179868,233.4356532458208,239.07033430082515,255.10134387525522,265.45422290882647,268.6827166705274,272.10916947184825,283.07863133361343,287.45083878092106,291.1810894425927,298.08764501176904,230.68499999999997,236.90388569221966,244.1456114908899,249.29803527768993,255.9018919527392,264.90107957552897,272.26991070117697,274.5261653722438
France,1845.5547829004863,1662.9385107124438,1640.4100391565476,1753.9677483773125,2123.1663111809285,2384.1010959831306,2415.414932916833,2480.5656107871323,2602.77422049252,2660.378188107303,2787.82915358238,2874.180936121375,2980.5114577688682,3050.6050682426326,3124.3425538267297,2422.65,2475.4443343402395,2559.7727082016418,2636.446711512885,2710.821706996545,2766.2117708879778,2727.597985182933,2829.3632149479413
Gabon,5.9704048195060615,5.0874051408032575,4.709,4.927827269158489,6.0415257944683365,6.627843841610001,6.665165457727236,6.376093747060755,6.26005811159716,5.440276740944559,7.428470217280745,7.520849713707288,7.482054626959964,8.067850050099123,8.414303127175836,8.677566308421692,9.353618848688903,9.792695114441079,9.827640234408847,10.331865661110829,12.096123042377268,9.340579724025853,8.804395867685544
"Gambia, The",1.5594717397200264,1.4868008521906928,1.4500267429945,1.1626966767769742,0.9825819406237623,0.5747928113434392,0.6346869384628727,0.6890383804641141,0.7249841046799983,0.7697051669242893,0.8823010893658765,0.874274054808704,0.8845416470278591,0.882,0.8972384180434895,0.0,0.0,0.0,0.0,0.0,0.0,0.0,0.0
Georgia,8.302145112636058,8.60736343929439,8.60605409050045,8.606798551502152,9.785040342826461,11.553503862870636,13.38905196671515,15.121264838758794,16.36975955936871,16.93466912015267,18.062542255087276,15.27159298388189,15.931113345521025,17.342761857368384,17.933859466616216,16.28003612365405,16.516315760676274,16.871546444121908,17.75622246220303,18.632,19.027976822189647,15.152230880706124,15.458565797419688
Germany,2588.1260294265066,2309.2801403723897,2263.743804625922,2388.0728060413435,2846.2600750102415,3160.2715857254734,3202.0212747326186,3309.636401615084,3458.076637296713,3542.140778610168,3534.146960164042,3609.491980127907,3594.9335631667095,3572.7404327498184,3550.5173901288836,3371.0,3427.0078273997683,3495.730736334148,3546.993000815929,3589.9727383344193,3668.947674697408,3761.6926202678073,3849.817594929857
Ghana,191.8071402569509,97.31686661968504,76.99907390688901,72.74269719945973,69.95168123474672,71.18689647762749,74.81910511778628,48.72786236757372,48.78488619258919,45.9903266515959,34.78626938179427,30.92843499598751,30.617766857568434,21.199,18.259647837976704,26.84345628281538,26.03228388755233,26.093474607853924,25.768141239114474,25.496863318101227,24.710290840627554,28.545760550168293,24.199042373587048
Greece,206.7153464333332,188.38094834010099,186.91230531027813,205.47818850219616,258.3171871554911,298.18221411712335,313.40733624011546,327.84306879364783,352.13984398420473,362.3829541007987,325.58065080431595,339.909809153173,351.88008343622914,368.7995690991507,385.9051398569316,192.98,193.63533678691374,201.9313457012116,212.8783519886947,222.88205367458187,236.91012323120728,210.61983803815673,207.520825777294
Grenada,0.4381421400060381,0.4595745526841795,0.43346655951223445,0.4460725035963498,0.48580626322536674,0.4568324710584105,0.5273482428115014,0.529,0.5580562004645759,0.5591341124908453,0.6190055247584062,0.6395011480780481,0.6598592291450575,0.6722491351914461,0.704647953710626,0.7775429470415145,0.7955068150975247,0.8225310181453283,0.8699741363161583,0.8845115354915871,0.9321413135690996,0.8030295887265969,0.8463709940841286
Guatemala,35.227144292559764,34.724844231061084,40.13612554059454,41.75683216685749,42.69447105131392,44.10508933524496,48.655860376983576,51.471890759966335,51.61616427397265,50.55308880135618,43.79601676725062,41.72444371532447,40.3273650107987,40.468,40.72027329665768,60.118435127398854,61.48096596583461,64.17762519460953,67.50880684002394,69.37600972452803,71.88136661337026,68.41670126908919,68.97634563644002
Guinea,13.94435285582528,11.795125929186403,11.320064979276358,11.905504427260214,11.595979575976076,10.90192982621886,7.180410751439205,5.196992184853883,4.960169775244525,4.4415903785685895,5.150312116567873,4.547,4.424457792653447,4.627248843974425,4.900433757806481,5.024656205452357,4.990975560540554,4.8553719888522195,4.880733430222662,4.759027231458673,5.3890302276884325,7.827873349288375,7.684776593804589
Guinea-Bissau,0.25894099094955403,0.32399197226273435,0.28767033815926585,0.28527206344698836,0.33191356992859505,0.40175076709445723,0.43579327206733093,0.45962605239067117,0.4862559435118459,0.45643800159367154,0.5742302651984184,0.5781655690163338,0.5918592671551225,0.6333906919334902,0.6619236516077072,1.035,1.0851731843575452,1.0640155612903874,1.1865383013802455,1.3347319448529844,1.4777410891032292,1.4655883972627548,1.4765561421083664
Guyana,3.3781406223994304,3.2422622200015905,3.154691446368093,3.1980382520869703,3.146863753286732,3.109379034286098,3.0065005145851713,1.1633738991165752,1.154185163670845,1.1212018070577847,1.3336729028850574,1.3588681208015287,1.456,1.5664065992089173,1.7027969282475426,3.1935952622068298,3.3707096244154124,3.486902688225783,3.7888942956664553,3.883182074459858,5.545713594569217,7.9294030563799645,9.418729784500938
Haiti,26.487076506038598,12.244145639620113,10.51024368845928,8.645137414375705,6.350157407859829,7.002427262912401,7.176022905820502,7.099151904323097,7.760841418569889,7.621108265637377,8.374536978329637,8.21450779486098,7.943000158862092,7.638987754199839,7.846998395992774,7.56883077978156,6.636029994102453,6.103566668039134,6.030334893703457,5.323996155214731,4.73303593231608,7.305593579756015,5.243859499391218
Honduras,5.803567827865146,5.954,5.848210250836675,5.72202135536587,5.708292873857471,5.826634292525096,6.043339910115738,6.211674029996916,6.395223363126311,6.372315320011773,8.15080546068274,8.41471583903021,8.68047865204922,9.375184758620197,9.583944653531365,8.23342636529735,8.146831260325461,8.001579561761716,8.090575110523508,8.084777210421965,8.078978371087276,8.80113289015311,8.540098213618538
Hong Kong SAR,,,,,,,,,,,,,,,,,,,,,,,
Hungary,101.06885196174522,92.06491276287419,92.17086481527666,106.69088830820522,128.05548697682397,147.45815813385465,156.91702111063134,155.05176501651707,160.88143519611498,161.51150661931638,146.39523454785035,152.13728286879004,163.26948668622916,168.35655327417203,170.9150310356072,118.48999999999998,122.39579776762606,123.93908987597358,124.27074156521634,124.14335528587002,121.83048940360086,137.99652596868185,132.8428874798254
Iceland,19.91121488142721,19.13422106263784,16.011932031147122,16.907509773702976,20.662514965993502,24.25560956961827,28.971266583683146,27.49895688035761,28.167628504758564,25.228492569913357,15.073609139014735,14.023120392765803,13.38181142924671,13.40273488904736,13.285449764001081,16.738,17.38201678463252,18.008305823350028,18.187505600275188,17.854324588148813,17.368298065685693,20.80905426216379,20.38931590066038
India,923.6771867796291,932.7828835306809,928.2840083660981,934.6559773535331,1048.4162894683968,1147.8049958416343,1271.442042850832,1332.266529543451,1382.490873450892,1389.1827639530702,1493.3912114588081,1456.475432681858,1467.030160671343,1518.52665993367,1611.3523436652554,1801.84835752671,1906.9873187216683,2005.4552356151275,2107.2365393948767,2264.3598336633822,2375.3109541933813,1875.4296308811952,1938.1860839929527
Indonesia,552.6347965620222,490.89583052711185,416.87508945530567,479.2695436282968,545.4899970586271,549.9644931998832,537.0848603413425,597.5506954864713,600.9035885360449,554.4833771581233,593.5315799742029,568.589,592.9260094545,612.5293483570015,630.3415176082531,680.0323481217263,666.2267025963374,693.2850917659539,717.5259661818682,762.98586577533,828.9842191955437,753.433231632583,745.6968899282507
"Iran, Islamic Republic of",,,,,,,,,,,,,,,,,,,,,,,
Ireland,136.91505457441784,128.03084863090234,129.68515082729618,144.69415066053895,178.27301257171,207.10792976163802,219.87477836922102,235.17118301824905,261.84974533509495,280.8042559214898,250.06242504354037,256.9917439793828,254.66495778687266,258.12799076927666,263.2234935453685,227.498,239.0582605388877,249.75492243419924,259.98975803400816,263.7497293446434,281.5469770258341,488.7516259232449,489.00377055928965
Israel,142.67095617446012,156.35820981117578,150.6993261165077,132.60556601168426,140.39016767080165,149.02260111438846,156.3282561130058,166.38656818532735,175.38316980621786,183.89466105697034,239.853611616008,244.91831751718652,256.7038820555474,264.86050427437095,276.7142568344244,298.866,311.31984624227545,318.3618479359951,321.98770286712045,321.5440011175997,325.900055275073,440.01424145735723,451.0441687686098
Italy,1636.8191244433156,1471.8044172074258,1451.5220208984213,1537.3642402120067,1839.9215312887443,2051.7317793239645,2062.3768728765303,2110.3938053282873,2216.223199492607,2253.5079591926333,2230.8514846195853,2309.258954463143,2314.451916066939,2338.7728929779805,2377.2986487081025,1819.05,1846.6228335118458,1897.4774273796418,1940.4600674227208,1984.1347421835771,2030.805915413291,1983.518201511725,2051.796073318138
Jamaica,16.189376795672388,14.941637430293039,14.652128387988345,13.748474197473199,11.911288766393644,11.887285974219683,11.387621489086298,11.761043616619023,11.013,10.07778205994522,9.40430224618589,8.88018640487657,8.471086896538054,8.151982013077324,8.074832362347028,7.122179365021025,6.954941684010264,6.797688998298161,6.7881595372255275,6.914424473555897,7.041937181147061,5.700651092090601,5.316816659891236
Japan,3898.747481547003,4207.988863592603,3734.0082561916565,3626.9598025527807,3977.1779639468527,4376.913422829708,4380.760552492254,4234.946365300842,4201.188374344577,4388.946345110253,5004.074259536299,5240.234326573975,5598.193608543269,5805.760499305296,5913.908625884212,4116.24,4153.198874898402,4327.218864217414,4431.040944933075,4546.263967655406,4656.875042527998,5015.883833247995,5274.043876036855
Jordan,17.895379438381532,18.65775693518594,19.63921327136728,20.775388184898453,21.641934222750955,23.466966896735855,25.657506946759888,26.11762388734848,27.843811471647722,24.705615219864647,30.711325128154837,30.74540144233577,32.75102968531635,33.24008949732659,34.4900589910103,38.73042273781295,40.891,43.053125925324004,45.08961703010897,47.893015456568435,51.665396433331125,42.56489226277447,43.45859674054018
Kazakhstan,35.49333665148901,32.57921856579589,35.8222566330382,37.626339092751856,42.244240021455894,50.865345455155264,57.123999999999995,63.54250441470066,65.23759655120682,63.695445754985734,60.20406573596032,56.81374538400815,57.52995012233166,58.88021724298339,64.10975092751903,61.594566040474476,48.141186986465044,48.804128021031076,50.09545105626968,51.6852541849968,54.81720777197574,34.748480599700606,30.454708904404328
Kenya,53.75277846840534,48.441847754607934,50.568741789410396,50.60761610570681,54.319648064184044,54.62790370286979,60.21297275202239,60.34258958716866,63.54845099492036,61.214821449444955,49.44999787644683,55.5029987864233,60.41701061442679,61.963406388089425,63.68598125131689,66.81334428731272,68.866,71.3484105796781,76.04854522800989,80.66304938957666,84.79774388594755,85.53375423436387,85.95449142444038
Kiribati,0.07965000000000003,0.06886046511627902,0.0653571428571429,0.06604347826086955,0.07171621621621622,0.07433802816901411,0.0691543624161074,0.07852348993288592,0.0755272727272727,0.07019999999999996,0.12413333333333328,0.1276,0.13237000000000002,0.14046889952153116,0.13713513513513512,0.16914509803921565,0.16838848920863317,0.1695807560137458,0.16692012779552756,0.175,0.17222222222222233,0.20307532467532377,0.21987179487179573
Korea,,,,,,,,,,,,,,,,,,,,,,,
Kuwait,66.33431535017503,68.9220110714501,69.10332764485977,71.8190350301984,85.85066863154643,95.50915699874982,106.9017153247546,109.50426310592304,104.19164106247271,95.41564337023397,127.63330708088225,135.367,122.25528226151796,130.24358604890938,148.56646309245224,141.3407356810646,158.25227165207804,150.1756848193923,148.04681938622852,160.2503646177547,206.8433942441026,119.98700249536287,102.07275808962466
Kyrgyz Republic,7.162216460528474,6.081356589133341,6.316129885292391,6.519569026865954,7.492404573550685,8.227754656430749,8.529767426897324,8.944890881280429,9.06956273046074,8.231429914387794,10.15819444301121,9.425152607683552,8.209835129888013,8.472816439293233,8.3768802304015,9.168867217489671,9.25088059138872,9.42968669257272,9.873135057197437,9.715,9.901254632332071,6.670102462904037,6.106465902770982
Lao People's Democratic Republic,,,,,,,,,,,,,,,,,,,,,,,
Latvia,15.780607980509604,16.366196065510756,16.97818078248772,18.106150958232238,20.703983147567033,23.748403388279588,24.60439872788436,27.131062135599105,27.78695652730226,28.662880929638153,27.624872194685402,25.372636094522438,24.112806040743077,24.958418608765836,25.761775133813437,27.821999999999996,29.037294181415223,30.255192537119413,31.235099282434113,32.01124727646582,33.82785198347288,31.225413359354476,30.655582871255234
Lebanon,21.19717134197689,21.409929086533587,22.245574009926244,23.05607203605818,24.012897820135628,26.23705947634115,26.591961928091518,27.828608544670164,28.204658727730507,27.690731537043096,32.84897295581774,35.214,36.57076562512456,38.02011362453284,40.47119148238327,46.31834677485179,48.14094514165974,48.81099828799741,48.432633569978684,49.457165960626696,28.333692256008735,0.0,0.0
Lesotho,2.1227262381351473,1.799180176105122,1.36254731761435,1.2954591610727475,1.8627699248199983,2.1161406970097265,2.139899208037468,2.1453784070031237,2.456590591945527,2.2927380938804887,1.9127719650631356,1.8952455076579537,1.841995889946945,1.7410206136830235,1.589559292407388,1.4683675557597538,1.5168184578075232,1.58540116825847,1.5288865964043665,1.5557992609703233,1.5550184298647813,1.3904174451933322,1.3991263932773388
Liberia,1.6644207450755213,1.4310929868421067,1.3832592477924943,1.4790649304207135,0.966821000000001,0.9282406153846161,1.0622714659641723,1.1444758866845388,1.0890387780043704,1.0080144750869056,1.2492320805429857,1.2350116216216216,1.3492689214196523,1.5248466751569572,1.7822167222316596,2.1555050829765174,2.109,2.343347289002041,2.5715779695349483,2.828224107056385,3.131198885747094,3.3704665797025246,3.3583087722788423
Libya,169.63481262135895,159.27122168656288,132.44584401162817,64.1082437336613,67.88066185306367,70.25832578555006,74.74795192307698,75.40959506246028,88.85587378101668,84.87424319484236,95.35038578246676,98.49797707861218,90.68236973171217,99.912,110.71849683633168,32.29716363571515,33.609574184177234,37.29628142927652,40.87067858749882,44.91379171345321,23.808517532396927,12.948354794303068,11.245920094819294
Lithuania,16.66281512251999,17.326304927538224,18.490516849316798,21.448610033638317,28.393089210351768,33.537054889855554,35.78046027709446,38.899552054477695,42.55479110753672,42.958238293754874,40.784434197772484,38.582202614961716,38.45127279444879,39.75978931824476,41.19922011573066,41.776,43.92168325020035,45.3796918678333,46.070394282541855,47.28314267787675,49.48119610278668,51.21139265158101,47.46027653515185
Luxembourg,35.13105077940617,32.17931435027895,31.749598226691944,35.202784514383886,43.86231325081395,49.303759176316944,51.321984253782205,53.41809983811287,59.11081624300449,59.35425732155658,55.88277087885373,53.99978857367975,55.02118374129022,56.31127165393251,57.283628840368294,57.928999999999995,61.94309217365379,64.5163832969414,67.2184839616879,70.7626220444641,72.61847341540492,73.74828596029651,74.70694538741637
"Macedonia, Former Yugoslav Republic of",,,,,,,,,,,,,,,,,,,,,,,
Madagascar,8.458168788979188,7.872204256504045,8.54191719312505,7.380800425938096,9.00324980640033,6.302879982347223,6.1495932273844955,6.053706471084963,6.193,6.122640730099007,7.80794596636512,7.135369414525086,7.0409754168733105,7.379729845035551,7.646248889292123,5.3816661177125935,4.760532370206269,4.822370895599095,4.752013534155144,4.771897068354523,4.887052947879344,5.434904763958986,5.479826112988608
Malawi,48.30261047611959,36.31629504738819,28.477844591266155,15.089097594804201,12.472974447517085,11.709702728643633,11.535198202481874,10.365614563598683,10.678165158361816,10.22454953844829,18.079095433952087,18.245537662929976,17.527546526023176,15.994016855037579,15.425675649977242,8.497058724292984,6.7993749999646065,6.489000000000001,6.499631477043782,6.419449223182882,6.353122847372182,8.92341495452387,7.24235444089611
Malaysia,139.98565114449062,146.75005013180103,145.2803391359686,152.50246149172068,161.1547158069962,173.17076949639466,175.68896425266107,194.9046806065115,197.70340762640095,191.66364192770686,246.02737400856682,239.12853438168344,258.53094250390683,280.4054357016887,297.32398999508354,313.479,345.2665824852075,371.98049706881466,412.0501720108103,459.10503161688234,516.6915278111242,333.1964276658686,350.3523327848475
Maldives,2.606858320931053,2.7067526305757976,1.796699300535159,1.8335721371886402,1.91972721603781,2.0290969354927233,1.8737158431159042,2.1257471968869046,2.1161030215278465,2.0709145524567156,2.080855994717267,2.165969399293577,2.0748266169078575,2.0813619653508346,2.1433693642944727,3.1626155394542526,3.360813873916392,3.550204107236167,3.718649088222477,4.086,4.588415061574711,4.60640589462647,5.1695782001242625
Mali,2.921,2.6906748633751167,2.9010962353090886,3.104451486187632,4.450976956961525,4.795944403846581,4.883577597022641,5.338445972798758,5.637818678460251,5.658258759994269,6.43397682427697,6.728075435713074,6.510859274030222,6.878707009414711,7.258670954511325,6.266360054364974,6.70661837208674,7.150245717332239,7.622734720990342,8.051272742327921,8.59076649046035,10.080563561902487,10.362002862735727
Malta,4.807679771848402,5.1961944313743995,5.0614173283032935,5.266263063250174,6.551776275407287,7.078675826169047,7.24989149181694,7.620043738056746,7.5845616647969685,7.744547677058073,8.967544765080717,9.130707925333176,9.654422222891517,9.870474951345843,10.076001029216007,9.19,9.530670833984594,9.928345258331309,10.376325418223928,10.749513978194507,11.27529636153711,14.843996489057862,15.380864492141919
Mauritania,3.4756396301647197,2.9563003531447016,2.8994845381343266,2.7848458600698,2.978177024561327,3.1232736752001546,3.385727495237517,4.255588603055699,3.8800707665881484,3.788164145967047,4.311289687222728,3.745740405602476,4.5569718716927765,4.9190636435116595,6.045,4.912500797120774,4.5278178385692955,4.777052016581388,4.903318226317321,5.002275999883284,4.98988517183949,6.763779121415459,6.76650070020094
Mauritius,8.72566842042364,9.100016080882977,8.592691872379282,8.052126275182491,8.710820404543798,9.371134986238081,9.434800411017298,8.882870715458333,8.994454807025162,8.994136372124936,11.171508987673255,10.800938679615655,11.58086570898119,11.889452953879982,12.47608769475385,12.238292777889516,12.55055260573254,13.11815147792649,13.698992447081338,14.593976992949145,15.191693380476549,10.442597931262865,10.359352266984255
Mexico,1350.5144927871186,1474.3549450774676,1482.6360941008295,1465.8076353729568,1384.2307563572058,1369.9819261138396,1453.2379404795151,1498.6204924993542,1508.4189336421152,1504.9306881468547,1301.6449014686693,1371.2521481931046,1430.6033860458679,1520.360973016644,1563.4688140134108,1381.3217571340535,1330.8481138745178,1316.371305984966,1322.92,1347.5230628245056,1368.603446108528,1125.26505646806,1127.9829368854419
Moldova,6.89976427276947,5.964908600849026,6.110104309832117,6.247513710655571,6.48289936873891,7.873215268269222,8.28129094822055,7.92223890365554,7.528503966889392,7.613200337084016,10.063838506810953,6.727658452006955,6.461547643073458,6.6094038854652855,6.752477532122443,6.187999991566065,6.275176394702056,6.370349661670172,6.6635371579383555,6.883401401464151,7.124007245163543,9.22556320328464,8.309644357346691
Mongolia,6.234856225840302,5.81877277997456,5.663295199718891,5.862854977801556,6.0965053208423745,6.606813884251844,7.088886501165435,7.778783883723853,7.91315904161979,6.796076781281264,8.467337497477248,6.2903598329155725,6.424544722588893,8.125098633650882,7.641311972086086,12.409,12.583363965760034,12.004362803000214,12.029098942633714,11.860166299779205,12.71873376404261,8.882210005786211,8.364558033019815
Morocco,40.262306277855735,38.76122967689426,39.178600970699094,41.3153988625867,49.724593123542,56.267544941544955,57.545761348882095,63.08404924169788,66.36811773018418,68.57508043111554,92.64964281334034,99.69269952986774,114.11755195517064,120.54714577567016,128.427,99.90507654999148,105.50850447912565,112.91020906456039,120.03945938537777,128.36124479931496,138.41459271429378,116.01402042521012,118.48294159296715
Mozambique,13.86017312644981,11.288614415009219,9.776645197448639,9.857342233871613,11.125737577367493,12.984634517894156,13.576970002064042,13.890856867060913,13.891652775324559,14.099063188136613,16.033788603147162,14.81942817367908,16.343780810266193,17.132740910277406,17.968636635391093,22.34977611820983,22.34094510867876,23.08166523186583,24.84523744454526,26.494998210039256,31.232411584429638,14.678320786654997,14.602115020885078
Myanmar,56.193933166228604,57.544958527170834,33.530884481701484,24.792583768482363,31.773706133832984,31.603965716887068,29.877883351537392,26.356356997881118,22.482001478230462,20.58086970041564,36.49123887505995,35.80350832349586,34.73999363668067,34.96469588877872,35.35192525973488,65.82854954122222,68.84385507987993,72.1142277100684,75.75690407863507,79.19927584610382,82.83392959465708,43.54653831862856,38.751649020643484
Namibia,9.994393932225925,9.066140747331474,7.680175530303964,6.786485815397544,9.584922816518915,11.778336986451007,12.050619395829262,11.477934494348485,11.174410905017613,10.897760474812266,12.66606311455536,12.497488242712024,11.538020193269642,11.396907444935051,10.8164568099278,12.85500004401835,12.69164452200186,12.575190197330357,13.083601232347627,13.88691355806319,14.258644694416109,9.190788720680823,9.27670086743518
Nepal,14.231179864586178,14.86670211924437,13.639976528693287,13.05791740276812,13.362912675064347,14.759351646405664,15.468478553333659,15.326397913884138,15.353468414749127,15.800069431718434,19.124300441825735,19.295812835473935,17.724889696034666,18.076297194194023,18.25779556742684,16.410246981776464,17.25931801100226,17.479719495905684,18.125638455805316,18.35388142410721,18.85616027276328,18.852952214786374,18.449934589163565
Netherlands,547.4054457007669,496.16456078234216,494.4775613780749,522.0929755516358,627.2934687535458,699.9262115602227,709.7981013180769,728.5584765004811,776.0050832871426,799.0714043323431,828.9988111195306,856.5996016493453,874.7126739223802,885.5901041226537,909.0002381677889,750.782,779.3903669496322,804.6432332527613,821.147632252889,832.0509293370698,859.6749870951907,894.5664756446361,900.8082355836798
New Zealand,83.49727027074339,74.636074746368,70.49326501877054,81.88246249289473,106.26103932065305,127.26272125244084,138.52967619546817,128.60857682577145,135.05232501038174,136.37473847195452,122.73049320679644,127.76270494132054,130.61890525531737,128.75654555582756,131.71798291002844,170.59,161.5811942595915,162.19736302319413,165.79413069703762,167.0423439777079,171.5477049033419,208.66521435084087,213.58117928204496
Nicaragua,6.120095670235271,5.93714751053736,5.765335654993909,5.479129744756454,5.298745136344657,5.32826986825437,5.296314481541932,5.369,5.187150367649723,4.760620484562747,4.660619251026427,4.436397408207359,3.9232757295568756,3.9092197739467913,3.7507769866051905,6.028628621224198,6.123324589362085,6.232622496862018,6.434477030959537,6.470122732481556,6.506336834201659,5.097937940863714,4.879310669858505
Niger,3.5016006503377217,3.0276611284433055,3.1134106421087924,3.3938979618295235,4.273422001938195,4.586801467526837,4.876127345706189,5.011776216759996,5.241536657206806,5.13191481442608,6.118694792413222,6.52752428071681,7.202551490839623,7.703789319867657,8.257663678988484,7.119000000000001,7.517236880819356,8.299108493544162,8.963578886414469,9.822378916911884,10.773587937344747,14.330843190175388,15.207981868947536
Nigeria,164.89250346627523,164.6824676654944,155.97275388161785,124.4845000361392,141.59244921117744,143.78927530629335,165.29874504914503,156.17891382643322,160.66488387786714,171.61155435785378,192.47398232559812,185.835,178.23372215488155,183.7033527178964,189.52423836542974,361.43856893686285,324.5340926819386,306.2947035943075,292.18178976068367,279.79990143397606,273.0964258676826,200.24989499470584,207.93109053764942
Norway,298.7487018057375,274.6253472499425,273.7005462894172,313.99957775653775,356.043311770555,386.64529378795555,414.17219057033014,423.2588624320239,427.62517189834284,405.15711885543635,430.7227924091039,445.3521507347765,427.84728274013196,430.01439307194823,441.7857669123282,397.59,401.18736388262664,405.3891709676162,399.24769423312324,417.0569225090667,444.38409760586006,349.66181047847346,280.7228102449292
Oman,48.182759761484476,51.89692454487239,54.59963010016369,53.1296335166013,51.60417385516279,51.87953714117717,52.78028611113028,54.21759512632588,53.352956379051705,44.14554018238805,72.71533037456943,62.7692381312525,59.187231440073354,64.16553555193141,67.02615086356839,65.5549691914236,72.68955485858692,72.79917655213671,69.107,74.09036900076495,85.67940567580477,82.37183481641969,70.27194221766584
Pakistan,386.99091649355915,239.49297843883014,217.91057985861335,210.85290440768384,234.04823458552454,259.18334581831203,277.7710451125976,304.62212398161023,302.5994956188728,298.46981468442283,285.92660039301694,277.50852370590394,235.74240005767905,232.7057843850681,231.1765865248456,273.45970297047273,0.0,0.0,0.0,0.0,0.0,0.0,0.0
Panama,20.981536499826426,21.552749675762936,21.67668428549277,22.158141156548037,23.090396459197706,24.827133058370197,26.64457701301543,28.880686503108024,29.988839044893712,30.654900373020403,34.81059337910634,36.25925463120815,38.99266668177106,40.80246679013991,43.05973714343547,51.39864852729434,54.6907492194043,58.457479239769306,61.149,66.09064865742737,71.84961036937395,59.11994413409679,61.78099599313715
Papua New Guinea,11.778335796991467,10.612398627991524,8.671283469695947,7.271188556338212,8.316369417587564,8.512076413222141,8.6608750243408,5.835592619568012,5.6612049629156544,5.044008846589511,10.102815856881028,9.403148094654343,9.13843944001469,9.077,8.608900288131911,17.27973417543745,17.038929565678828,16.458295092024915,15.729486397451984,16.49261777410561,17.24793602860082,18.233426603014564,16.897609447632934
Paraguay,28.869376671354157,24.466872346398212,19.50998321949347,13.063935089271855,12.373080468648524,13.849542334777759,13.184039815735806,14.218374496739102,13.246388160218835,12.481701614528628,16.83709238956757,16.883559392680024,17.105513281981317,17.75003360023943,18.787999990656726,28.606188753895744,28.44290115354251,29.08792910926488,29.798109860592785,30.14277371827635,30.771999522363313,29.368555747714396,28.814297022819417
Peru,65.67143030984522,65.61347550724315,66.06332290565227,69.79304648374857,73.90493924252586,78.78136973259919,86.74672111952594,94.65832364927948,100.596,106.48121796670958,123.43087248277914,127.88653993915268,120.54420838130342,128.31093920405607,134.73488106995845,143.62316180577562,139.68989185045405,144.69254864539943,151.94486760034306,158.75837152748628,162.59407416094314,141.9003706778389,138.94244540577932
Philippines,152.24409378077434,143.41213033415343,127.3830213449886,131.81871164602225,132.43068636432355,136.16521135606078,145.86748477407932,164.95689759755047,182.30705316998933,183.62467921899963,197.0838542111977,203.555784362822,213.30712520604132,221.00400031981175,226.77458195989314,321.78268850032714,350.5336946913249,380.4719601443303,407.942,451.647671120398,495.56037560867986,368.4374068536578,367.7114614013557
Poland,252.19782891494802,242.4245231234376,261.1819647379304,266.8061973654725,289.5062932862106,321.97026659564835,376.67279092808883,413.6658695839188,429.62900357218655,442.8192303466706,461.92762853810956,464.8057667516288,486.4198103815929,514.0214087052167,542.7098063422934,481.235,508.4132752571871,530.3692857382042,559.6861412570679,581.298306112935,599.1137144120306,562.1470632439775,558.6047529626344
Portugal,171.01840047864056,153.35906727082,151.57087671673077,160.66748311249037,190.32890671249524,212.7506686475196,213.0818522532672,216.90073030893467,228.72486825943153,236.16216422707592,230.91122964915775,238.55479545345105,248.94310049755376,248.76760477156878,251.80975700042129,197.51,200.73997208265772,205.33240087411903,209.1356035398479,212.64112722302158,217.3713053383028,226.39282383173872,232.30387815386183
Qatar,34.39623295190821,37.158230988212736,38.6054733529417,41.37769257794673,42.918938299844775,51.166932453661964,52.447241011138814,60.09362284211436,58.849206781322195,57.71000308613387,102.0586521854806,132.141557888629,132.23738414005047,138.9951879774187,147.77166081772128,211.84517905376148,232.90330786021426,238.45455690338707,232.669,262.84096803189294,329.79099211848654,170.3077171987332,144.64839729951754
Romania,137.92787217376798,99.91986497364395,78.54186880469945,72.98140934120964,76.95283663822387,84.55071663009632,98.566,110.21134611389895,123.06522066869603,124.11552126669896,103.86837770110195,101.32900843234098,119.56905911886466,135.757777213499,150.30579867042718,92.89363440384545,94.89260066925816,97.30851840040806,98.27834852343751,98.13030189098518,101.69680569582982,114.07101119814492,110.44866670501065
Russia,195.907128351,259.710142197,306.602070621,345.470494418,430.347420185,591.016690732,764.015973481,989.932071353,1299.703478482,1660.848058303,1222.645900056,1524.916715224,1845.922753398,2208.293553879,2292.470078346,1859.241589895,1363.482182198,1276.786350881,1574.199360089,1657.328773461,1693.115002708,1493.075894362,1843.392293734
Rwanda,5.47579661108712,4.9827248634984525,4.751410873428004,5.0958536054014205,4.116465765626275,4.037611084999323,4.344933025613014,4.7211304063915,4.680882208602737,4.549923661545803,7.126167267084462,7.331915952104626,7.58984933105898,8.006774734163,8.277405510315372,9.6199319708756,9.981247632924232,10.091,11.17240633904541,11.911293003774967,12.268935133781673,9.298274313248239,8.515544738749261
Samoa,0.33868036399018636,0.334839934117243,0.34160268513767184,0.3714385826063494,0.40182811361539506,0.40832076279189966,0.43202500642471175,0.4405561330871812,0.43456684008476054,0.42397395143289995,0.5738510772647581,0.634858881184212,0.6966280731472841,0.7251585278501446,0.7711712562946812,0.8362917782514065,0.8490635439481284,0.8577690069858103,0.8754359171897205,0.894583144860556,0.9199893142467959,0.7091364396211487,0.6953842328546935
SÃ£o TomÃ© and PrÃ­ncipe,,,,,,,,,,,,,,,,,,,,,,,
Saudi Arabia,415.29498293480503,438.23162742636947,432.73207072826665,420.76407442385755,467.9906031492231,491.64055056823673,505.9437468099266,510.0270808386306,478.87839968129873,432.42867603956023,516.1824702616401,513.8891759851409,497.7706733197741,542.9307598132305,598.9280579874229,753.3097059885628,785.1444223547635,796.8445092077006,749.2010516822336,816.2608935287208,953.6655830417089,835.7911442866382,736.6090561249919
Senegal,7.469741841296372,6.717660114213553,6.531336016274642,7.026294928930782,9.04753785431542,10.559108261472637,10.915542169222508,11.381561657095563,11.968576724355605,11.997241492614934,13.694436411815653,14.447636553020061,15.36837626577732,16.163217100371206,17.473,13.839942424574044,14.89381297448434,16.312252797731727,18.179514149612032,19.69435832996333,21.62289196769107,25.747594767097148,25.794863689584023
Serbia,0.0,53.89642694379001,37.847671440560234,42.63592542510039,48.69839413558505,54.291165382074844,50.65628120870679,54.29283309503663,56.868764393516834,55.827078833027144,56.9434803232032,56.6623896465534,56.15214351907879,58.35235925864508,62.254524594773976,36.555,37.163999324763665,38.065646238491816,40.27501770561794,42.347498061962646,44.706929159975196,51.25426691525975,50.29630590059575
Seychelles,2.1549798490930505,2.1010041362743728,2.001679377512816,2.167926869288957,2.0696929483648985,1.645973912359377,1.6922942873319604,1.7282243947067961,1.4499072707151879,1.1446897151196869,0.8058056147113478,0.9926763789837703,1.0468080322741373,1.0760666622026158,1.084,1.3889335931716489,1.5208022604556493,1.5710026811799855,1.6104516268759885,1.6952190054884952,1.691599585961415,1.161899274474038,1.555882966852082
Sierra Leone,1.905620384879079,1.7540677311788488,1.297284460412109,1.5682202940506609,1.4667879168564795,1.4076103707845848,1.3667898322853937,1.419,1.4202357646663009,1.409502857586062,1.6332210378149432,1.474984520498155,1.2992435629376284,1.296202064207459,1.3519829494034026,1.6791181018139933,1.6967309706813194,1.6784170757879802,1.6074614136624765,1.630074125922672,1.596956699136603,1.0350525681416138,0.8595798278829602
Singapore,100.0880256228099,108.15354385917249,101.56022201178969,105.57587466844825,112.73733387256712,126.12206117531488,134.4856379347791,149.5331686200133,156.06642229341213,170.6863768102398,171.64339301509054,185.90109259860162,200.49180999564763,211.7545697898747,223.01885049351057,293.959,307.2118079519906,317.51050439714226,325.5990204023179,346.15924034519594,378.698866312542,329.2468284502543,304.20210137386346
Slovak Republic,30.8468993094139,27.861585848385978,27.45902536634967,30.691654925996858,39.22035514183418,47.217400225510616,51.97877629094866,58.54605136940735,72.9732119179647,80.18661143422501,91.48231020867468,99.31345456355835,109.1633423938547,115.13730800454793,122.32358926704859,86.198,91.0102416966515,95.48520304016705,99.2075102338763,102.47265300201951,106.77631239696974,105.77100750411883,107.46629904041154
Slovenia,43.61138813781143,35.03503705327953,31.034758100099946,31.25544266140493,36.031816541713916,39.60070666369045,40.996193037863506,43.52417263670576,46.01381635659174,47.07791832677676,51.32656399093013,53.9211392174587,59.15170705071804,61.19495324791704,64.05436842709837,42.736,43.63359204091025,45.003967058500606,46.08794279998308,47.0594142722782,48.97727438935922,54.852383150450734,55.39186522378016
Solomon Islands,0.9112748178108986,0.7774759146800369,0.6482476573300385,0.4847430842090889,0.39012842105263174,0.4313200491021723,0.43227110257026163,0.43562235469448557,0.4395524396661905,0.45850000000000013,0.7431201454814452,0.7839483777440285,0.8960000000000001,0.9789718953343506,1.0234769702445625,1.0987329617357586,1.1712848765094286,1.2277902663722289,1.225400129212043,1.306913707118032,1.4395754141238053,1.4346928411376947,1.533405675368895
South Africa,390.07208281413733,356.8886728815673,295.2073716172975,245.87269549321903,346.55566319831735,425.0883706754354,449.2825280554008,446.7431398143906,439.60112206766826,436.9997108883589,382.83631795524167,372.4050888239294,370.3533813984616,368.99482184200497,368.9671120180569,317.2849994401855,305.3149771874472,301.87133056969157,304.3593154981601,305.1444950203651,305.5600974282354,301.884277216263,301.97458147092976
Spain,863.6964703444382,786.8032819583515,791.1228309041604,858.6279754466673,1061.5309009131631,1206.162657611901,1251.2376594558511,1307.6516198572863,1402.023716378485,1467.1955190029025,1448.981010265374,1484.1073835122115,1517.0344894404436,1538.924593647158,1576.3394451815216,1221.39,1261.0581567452068,1297.7353816972445,1333.6211013083719,1367.822544461596,1418.6783168157613,1328.7170847180232,1391.8939068923469
Sri Lanka,68.54552600585158,66.65021758536585,56.53357564685979,54.915443573674736,55.71957189349538,56.289567790996955,59.821632687460216,61.206076702184916,61.85157482088059,58.927474638241726,67.21119229833593,49.136043794860285,49.57971773350851,50.05116758783997,52.63725815653769,79.524,81.84689219099359,84.70968466663965,88.66295439898096,93.18029525481664,98.65522140315525,60.2044972823648,42.105253796603634
St. Kitts and Nevis,0.3644531827009875,0.41838954142636103,0.4232977932260933,0.42093548909148376,0.4268527197841216,0.45599688739834726,0.5046240211174658,0.48700000000000004,0.4918909605764433,0.5162201499919088,0.4919832506703772,0.500125990468671,0.5119410553144896,0.530966091219279,0.5456692729606704,0.7474754652737475,0.7726662276845674,0.7725235962772952,0.8102155035986094,0.8477096693311419,0.9405941364038202,0.8501373086943731,0.9197227476168588
St. Lucia,1.1001654534351137,1.1107258677521852,1.0865856076348541,1.111465223045268,1.1089388126031503,1.1734228661458341,1.2689173479452047,1.2762370239609622,1.3323528503233784,1.3960297264671655,1.2722084719175344,1.2359930942125297,1.3171399345563088,1.3180238700754026,1.3481183619886503,1.4903329078418162,1.5533970232325816,1.56862249720161,1.6319999999999997,1.6657128394989034,1.8235430226559342,1.621532610526794,1.746230447459877
St. Vincent and the Grenadines,0.4956708324644053,0.46412567463724036,0.4504180562398718,0.4755454153436728,0.5087517787335363,0.523752665955202,0.5364188570628279,0.5605743495464711,0.5682620493680685,0.6083252775718095,0.6929780139143683,0.6773529683926558,0.7638824288920636,0.7919786209022056,0.8456833907457852,0.7890050854640489,0.8238045228370526,0.8408219719076225,0.8659999999999999,0.8845451532489961,0.930732668541716,0.7611794174971668,0.8184446241277159
Sudan,5.704941176818142,5.988478884258332,5.349491342019557,5.4039037475225,5.843075395706126,6.078376221608462,6.621435910458187,8.282749316278629,9.017484346509509,10.186074356779688,9.360422737174295,9.130335956785881,6.908825729385206,5.686201303668115,4.5910832764981935,3.4570277839168053,2.894755794999949,2.367143121883602,1.634596254278143,1.164003688142413,0.5794655997936705,0.05283968091370309,0.02561909562810554
Suriname,11.36240767793653,7.100600282830226,4.368477595727578,4.492679052103201,4.358148511859232,4.536920617945643,4.676290398693616,3.995176552872606,3.970825032105197,3.6111804760878536,4.547262471968414,4.654457112457265,4.8265461298284045,5.736906479665511,6.5628488262461,5.05,4.1807258778883405,3.6128327139592167,3.7210874237526115,3.8134909606895375,2.8318313521293437,0.683228565337147,0.4950570999905604
Swaziland,,,,,,,,,,,,,,,,,,,,,,,
Sweden,329.27897983699677,310.2254676056444,276.63379128348856,299.9629050861782,368.0349977300224,420.60199863578254,428.39927875343113,452.48860534272086,483.860559333887,489.8712231830409,429.8523653792224,468.2586310790215,519.8034004433774,541.8994211521211,559.2104769631305,483.72399999999993,491.6779130142005,501.12767214850004,509.95781582857217,516.2641338326735,527.4388477260648,546.2891271968684,547.2082035652065
Switzerland,290.7315589909222,266.36362533251537,268.3425723066492,297.5104104667888,342.80057027480996,381.02294309443545,384.2011524020886,387.12067219879515,390.3260093305355,392.73574614742193,476.16279402494047,488.53826614493806,503.8314184480324,510.4293963884822,519.0377478161726,676.979,691.6251915878084,714.3058702703883,728.6248072057646,748.493105354702,778.6574731054845,808.880398032772,839.773899232633
Syrian Arab Republic,18.467063978161185,19.861,19.72424933778786,21.294879328374574,21.546103386543727,21.23488396949698,21.015188210201817,22.173946489350108,22.21664913763499,20.174305997401994,30.636186742994532,32.31669909018015,27.8218419772008,23.248228035841063,18.68723416184774,0.0,0.0,0.0,0.0,0.0,0.0,0.0,
Taiwan Province of China,,,,,,,,,,,,,,,,,,,,,,,
Tajikistan,1.3330084660966544,0.991,0.8071924508932053,0.7789619838236598,0.7864022068089205,0.8927476867673044,0.9087793447256671,0.9130823101593969,0.8018630012729993,0.6886004488902697,0.8130958127978283,0.7615412352684046,0.7902261494783359,0.8807135501190052,0.9999347443309237,0.8639516122704397,0.8512885818292654,0.8354820540364367,0.8853033922138167,0.9322469965491001,1.000732953990254,0.6632787853690739,0.6619501533655381
Tanzania,32.11392089050098,31.205943252470647,30.96576641609976,29.94433468050396,28.98432781172737,29.92227425226041,31.259572230802963,30.050100426790255,30.38497067941605,28.871578666006002,37.61243641301673,36.7029907857979,34.91274922695214,34.818088434635456,35.926908221472026,46.19199993160489,43.614136934982625,45.642500052520305,48.17875863387586,51.05110955601931,51.8464511935139,54.505330252430454,57.09859172370925
Thailand,128.7859168015707,127.19268750172586,117.48908761962811,126.877,139.63840405945345,152.5102221519053,158.49843500436168,176.5043970759863,183.24904612220368,187.9264664880108,211.2205390895031,215.06236666847053,231.99078356947686,246.20333641330586,262.15526934468045,258.7841931109154,265.28848562839863,272.4292356852726,282.40036752696096,293.57659588077036,310.4846929868033,351.56872509525385,359.754674343761
"Timor-Leste, Dem. Rep. of",,,,,,,,,,,,,,,,,,,,,,,
Togo,2.3560354682519233,1.8188445655307823,1.837820190352029,1.940040804936504,2.2652998400105,2.6715313848274307,2.7469723760849276,2.889134912515031,2.976692251507531,2.956283329721377,3.0684517016792907,3.2442254788798266,3.4400013617594185,3.551843303634402,3.7360438870797408,4.212526392552529,4.499,4.961910503091859,5.390432712937096,5.8607804162141015,6.299375667902049,8.16591134199762,8.637670876774642
Tonga,0.3707805862409093,0.3580217631764699,0.3162063449748237,0.29707507223480223,0.3031993168528838,0.318720298310717,0.35039049267276295,0.31507669456079085,0.3240899798422271,0.32722489089872947,0.3268630164130184,0.32446388505785156,0.35132334319320097,0.3804860302211921,0.40335937372207775,0.48216251618683587,0.4995534607441064,0.507,0.5050415204427539,0.4927606451746018,0.5291020508021776,0.4709783040280242,0.4678257809062896
Trinidad and Tobago,13.632446228640847,14.578048358665537,16.52545784671824,17.80464610423875,19.955267680883534,20.62136270662142,21.809235208070472,26.361759763997565,25.45272232487759,22.99943683332259,30.11326554854338,30.238775248909878,32.86804744575481,35.273656829224635,38.378693181929066,30.098176506626956,31.038688621490625,30.405511412792958,31.468014704184196,34.75568189825418,38.48834321773794,19.329105055133514,17.097491393897222
Tunisia,39.97237776732633,36.27061429717259,35.8590183796336,36.92772579418382,42.70236966121244,46.488872789685495,45.942147229232646,46.78364507598974,50.41290906778166,51.81203800021707,54.04022320271249,52.436436261973974,53.49255665538944,54.31937077696809,56.040982141877926,44.27199181628955,42.487260898184495,41.52564423336205,39.60048815101724,39.48901551925948,39.63531864162506,30.231657003392627,31.182312650888512
Turkey,,,,,,,,,,,,,,,,,,,,,,,
Turkmenistan,12.700647602966821,13.394011396094207,13.974829736347244,14.012091538461538,14.470074071610137,15.19352322801408,17.174,19.461922425259566,21.372992407407462,16.19564268954924,0.0,0.0,0.0,0.0,0.0,17.08552694950636,20.7563735504996,23.92772340629191,26.594554479545035,28.790805043985717,34.17682008843384,21.01855540365887,22.41025087017948
Uganda,27.01413389036044,23.914808184208418,21.870984004597723,23.326458823279864,23.150233262892815,21.869772835295073,28.516265175708273,30.106873271943986,31.169385134775148,31.491308999023016,23.594467865453105,23.877278993124868,24.673765985214352,26.00517460524769,26.51803345997591,27.350578737230247,27.869088723774333,29.258,30.233604471806597,31.780116199326834,34.10543474834341,38.161138214268995,39.530801028922276
Ukraine,408.2454754807331,317.07523237784784,349.82174384112096,370.6952028867322,405.2867495046774,454.88319016289654,486.10665788442003,521.7606224285015,491.73133826289586,427.2625939820012,318.8358107575408,290.1688569791545,286.5705249313484,302.7457771353909,286.13964406354876,105.54901547765436,93.812,85.42869560989465,81.9412883904722,82.60699058676683,81.94969569585803,86.23037959077567,71.99458477139459
United Arab Emirates,121.04887152715472,138.204109953911,138.41716105629138,146.22167220681393,165.3097489421616,178.51004854092773,192.2675613113712,221.83275935402511,217.8448495382314,205.51751045233965,266.3571120932643,256.179,252.27088755510277,277.97773662815393,306.0092298160313,347.4420170024654,386.3621080658384,395.28625043905123,392.83165705790054,433.17811205987783,527.0227283633361,404.93859910701156,373.0825762739263
United Kingdom,2022.29574622434,1969.6586954727143,1927.6120293569509,2070.089115261756,2330.106726310248,2696.6987477200155,2711.5155982594247,2807.210467722173,3077.2753264562343,3157.193701442531,2413.0463160693744,2542.7848635122514,2719.549425891114,2813.6305740758894,2938.4151065086867,2864.9,2995.9751323085948,3112.216398910817,3236.0982194138755,3346.007336682603,3391.1654385899014,2739.857475410922,2885.5697861700273
United States,12683.832010326563,13136.944399518276,13254.626975625964,13492.084096187687,13851.55168439429,14413.940394771202,14862.728506876101,15331.071364860903,15519.20326954901,15942.527640983928,15677.455968864331,15964.777438549609,16718.233471788964,17178.701671003488,17581.009022568636,17968.2,18521.90219981747,19030.968453128626,19496.54369606444,20027.02419144232,20587.799628704546,20255.21754803261,20454.28089496783
Uruguay,84.00059155296701,77.92094398817025,68.68952952639607,39.726324355764234,31.611947495793785,33.978570205121024,42.932542452864915,45.51757336003564,44.49008313751314,43.78238189992982,57.35915001410341,58.11710313653224,67.6024469845309,71.23216885066488,75.05857870063016,59.45638914714104,57.15100000659265,56.72113520775347,55.55946706349977,54.08432390033783,51.35364333313803,39.601629440593854,40.28523118079027
Uzbekistan,314.63412971542215,171.94474982795063,100.3920910671087,57.289457462240954,47.402261389015656,48.45047268619647,45.44854696562418,43.32183481373464,41.619064068242636,37.854781573117855,45.05145420976887,34.232,31.984490470974524,32.526155622794555,32.48640734698219,33.30191248078527,31.84461940338874,28.598702981722507,24.021056996873856,21.73436151453844,20.789592807812294,13.477882851178816,13.029000273572944
Vanuatu,0.2935480299482554,0.280420661841297,0.2595659018143009,0.24694498399584178,0.29824645413142503,0.3442180722005733,0.3822515991471215,0.387,0.3980072781579663,0.3978636219367553,0.47655367785383407,0.5103329127946331,0.5733837004532483,0.6008863332031447,0.6378593037214878,0.5777975068104504,0.6138316786097965,0.6238943713180645,0.6438606954312699,0.6582333364355502,0.675547598852556,0.6340422694980924,0.6048590109992632
Venezuela,,,,,,,,,,,,,,,,,,,,,,,
Vietnam,,,,,,,,,,,,,,,,,,,,,,,
"Yemen, Republic of",,,,,,,,,,,,,,,,,,,,,,,
Zambia,17.5782895087851,13.703854952262832,12.291585090307906,10.677071563519833,10.403653241491922,10.928059959391545,12.521398282229136,16.45090049999588,13.446905841421183,12.652908089166944,14.00798575887105,15.792,16.99918374104657,16.734381642949618,17.16798944646309,16.677561274068733,15.099366621077474,14.814673870669036,15.183864567013805,15.543603768999064,15.03576202939464,7.178957227107495,7.473317104042647
Zimbabwe,183.10718101022607,248.27506116726371,393.6479424236901,917.9212012381217,287.5021288941192,119.41829400049457,110.0072543048607,136.64102539164736,446.8915457896895,1520.5163132395148,43.893449762845634,50.78162787903111,62.09237367060986,64.57306169569777,70.75030461791332,143.0713189110073,144.1499231029367,146.74449504549554,51.20410184191601,16.609,2.4865739185796776,1.7152671841612854,0.5072342272437848
